-- phpMyAdmin SQL Dump
-- version 3.5.5
-- http://www.phpmyadmin.net
--
-- Host: localhost
-- Generation Time: Dec 07, 2014 at 01:34 PM
-- Server version: 5.1.41
-- PHP Version: 5.3.1

SET SQL_MODE="NO_AUTO_VALUE_ON_ZERO";
SET time_zone = "+00:00";


/*!40101 SET @OLD_CHARACTER_SET_CLIENT=@@CHARACTER_SET_CLIENT */;
/*!40101 SET @OLD_CHARACTER_SET_RESULTS=@@CHARACTER_SET_RESULTS */;
/*!40101 SET @OLD_COLLATION_CONNECTION=@@COLLATION_CONNECTION */;
/*!40101 SET NAMES utf8 */;

--
-- Database: `cms_mk_db`
--

-- --------------------------------------------------------

--
-- Table structure for table `accounts`
--

CREATE TABLE IF NOT EXISTS `accounts` (
  `account_id` int(11) NOT NULL AUTO_INCREMENT,
  `name` text NOT NULL,
  `user_id` int(11) NOT NULL,
  PRIMARY KEY (`account_id`)
) ENGINE=MyISAM  DEFAULT CHARSET=latin1 AUTO_INCREMENT=3 ;

--
-- Dumping data for table `accounts`
--

INSERT INTO `accounts` (`account_id`, `name`, `user_id`) VALUES
(1, 'makugunla', 2),
(2, 'naads', 5);

-- --------------------------------------------------------

--
-- Table structure for table `adminlog`
--

CREATE TABLE IF NOT EXISTS `adminlog` (
  `timestamp` int(11) DEFAULT NULL,
  `time_in` datetime NOT NULL DEFAULT '0000-00-00 00:00:00',
  `time_out` datetime NOT NULL DEFAULT '0000-00-00 00:00:00',
  `user_id` int(11) DEFAULT NULL,
  `username` varchar(25) DEFAULT NULL,
  `item_id` int(11) DEFAULT NULL,
  `item_name` varchar(50) DEFAULT NULL,
  `action` varchar(255) DEFAULT NULL,
  `pass` varchar(250) NOT NULL,
  `attempts` tinyint(4) NOT NULL,
  `ip_addr` varchar(20) DEFAULT NULL
) ENGINE=MyISAM DEFAULT CHARSET=utf8;

--
-- Dumping data for table `adminlog`
--

INSERT INTO `adminlog` (`timestamp`, `time_in`, `time_out`, `user_id`, `username`, `item_id`, `item_name`, `action`, `pass`, `attempts`, `ip_addr`) VALUES
(NULL, '2013-09-06 16:51:39', '0000-00-00 00:00:00', 14, 'abok isaac', NULL, 'Site User:abok isaac', 'logged In', '', 0, '::1'),
(NULL, '2013-09-06 13:54:40', '2013-12-04 15:19:51', 2, 'Admin', NULL, 'Site User:Admin', 'Logged Out', '', 0, '::1'),
(NULL, '2013-09-06 13:53:57', '2013-09-07 19:16:04', 13, 'Kange L. Noah', NULL, 'Site User:Kange L. Noah', 'Logged Out', '', 0, '::1'),
(NULL, '2013-09-06 13:53:33', '2013-09-07 19:16:04', 13, 'Kange L. Noah', NULL, 'Site User:Kange L. Noah', 'Logged Out', '', 0, '::1'),
(NULL, '2013-09-07 14:09:01', '0000-00-00 00:00:00', 0, 'admn', NULL, 'Site User: Unknown', 'loggin Failed.!', 'kjdkljdff', 0, '::1'),
(NULL, '2013-09-07 14:17:43', '0000-00-00 00:00:00', 0, 'abok.isaac', NULL, 'Site User: Unknown', 'loggin Failed.!', 'ross11', 0, '::1'),
(NULL, '2013-09-07 14:18:27', '0000-00-00 00:00:00', 14, 'abok isaac', NULL, 'Site User:abok isaac', 'logged In', '', 0, '::1'),
(NULL, '2013-09-07 14:20:46', '2013-12-04 15:19:51', 2, 'Admin', NULL, 'Site User:Admin', 'Logged Out', '', 0, '::1'),
(NULL, '2013-09-07 14:24:38', '2013-12-04 15:19:51', 2, 'Admin', NULL, 'Site User:Admin', 'Logged Out', '', 0, '::1'),
(NULL, '2013-09-07 14:29:22', '2013-12-04 15:19:51', 2, 'Admin', NULL, 'Site User:Admin', 'Logged Out', '', 0, '::1'),
(NULL, '2013-09-07 14:33:11', '2013-12-04 15:19:51', 2, 'Admin', NULL, 'Site User:Admin', 'Logged Out', '', 0, '::1'),
(NULL, '2013-09-07 15:33:08', '2013-09-07 19:16:04', 13, 'Kange L. Noah', NULL, 'Site User:Kange L. Noah', 'Logged Out', '', 0, '::1'),
(NULL, '2013-09-07 19:10:50', '2013-09-07 19:16:04', 13, 'Kange L. Noah', NULL, 'Site User:Kange L. Noah', 'Logged Out', '', 0, '::1'),
(NULL, '2013-09-08 15:52:28', '2013-12-04 15:19:51', 2, 'Admin', NULL, 'Site User:Admin', 'Logged Out', '', 0, '::1'),
(NULL, '2013-09-11 02:00:09', '2013-12-04 15:19:51', 2, 'Admin', NULL, 'Site User:Admin', 'Logged Out', '', 0, '::1'),
(NULL, '2013-09-13 13:40:01', '2013-12-04 15:19:51', 2, 'Admin', NULL, 'Site User:Admin', 'Logged Out', '', 0, '::1'),
(NULL, '2013-09-20 12:32:52', '2013-12-04 15:19:51', 2, 'Admin', NULL, 'Site User:Admin', 'Logged Out', '', 0, '::1'),
(NULL, '2013-10-04 13:54:07', '0000-00-00 00:00:00', 0, '', NULL, 'Site User: Unknown', 'loggin Failed.!', '', 0, '::1'),
(NULL, '2013-10-04 13:54:09', '0000-00-00 00:00:00', 0, '', NULL, 'Site User: Unknown', 'loggin Failed.!', '', 0, '::1'),
(NULL, '2013-10-04 13:54:14', '0000-00-00 00:00:00', 0, '', NULL, 'Site User: Unknown', 'loggin Failed.!', '', 0, '::1'),
(NULL, '2013-10-04 13:54:18', '0000-00-00 00:00:00', 0, '', NULL, 'Site User: Unknown', 'loggin Failed.!', '', 0, '::1'),
(NULL, '2013-10-05 15:45:51', '0000-00-00 00:00:00', 0, 'iabok@cit.mak.ac.ug', NULL, 'Site User: Unknown', 'loggin Failed.!', 'jlhj', 0, '::1'),
(NULL, '2013-10-05 15:47:24', '0000-00-00 00:00:00', 0, '', NULL, 'Site User: Unknown', 'loggin Failed.!', '', 0, '::1'),
(NULL, '2013-10-05 17:44:07', '0000-00-00 00:00:00', 0, '', NULL, 'Site User: Unknown', 'loggin Failed.!', '', 0, '::1'),
(NULL, '2013-10-05 17:44:08', '0000-00-00 00:00:00', 0, '', NULL, 'Site User: Unknown', 'loggin Failed.!', '', 0, '::1'),
(NULL, '2013-10-05 17:44:08', '0000-00-00 00:00:00', 0, '', NULL, 'Site User: Unknown', 'loggin Failed.!', '', 0, '::1'),
(NULL, '2013-10-05 17:44:08', '0000-00-00 00:00:00', 0, '', NULL, 'Site User: Unknown', 'loggin Failed.!', '', 0, '::1'),
(NULL, '2013-10-05 17:44:09', '0000-00-00 00:00:00', 0, '', NULL, 'Site User: Unknown', 'loggin Failed.!', '', 0, '::1'),
(NULL, '2013-10-05 17:44:09', '0000-00-00 00:00:00', 0, '', NULL, 'Site User: Unknown', 'loggin Failed.!', '', 0, '::1'),
(NULL, '2013-10-05 17:44:09', '0000-00-00 00:00:00', 0, '', NULL, 'Site User: Unknown', 'loggin Failed.!', '', 0, '::1'),
(NULL, '2013-10-05 17:51:44', '0000-00-00 00:00:00', 0, '', NULL, 'Site User: Unknown', 'loggin Failed.!', '', 0, '::1'),
(NULL, '2013-10-05 17:51:57', '2013-12-04 15:19:51', 2, 'Admin', NULL, 'Site User:Admin', 'Logged Out', '', 0, '::1'),
(NULL, '2013-10-05 18:49:03', '0000-00-00 00:00:00', 0, '', NULL, 'Site User: Unknown', 'loggin Failed.!', '', 0, '::1'),
(NULL, '2013-10-05 18:49:13', '2013-12-04 15:19:51', 2, 'Admin', NULL, 'Site User:Admin', 'Logged Out', '', 0, '::1'),
(NULL, '2013-10-05 23:39:38', '0000-00-00 00:00:00', 0, '', NULL, 'Site User: Unknown', 'loggin Failed.!', '', 0, '::1'),
(NULL, '2013-10-05 23:39:47', '2013-12-04 15:19:51', 2, 'Admin', NULL, 'Site User:Admin', 'Logged Out', '', 0, '::1'),
(NULL, '2013-10-07 15:30:30', '0000-00-00 00:00:00', 0, '', NULL, 'Site User: Unknown', 'loggin Failed.!', '', 0, '::1'),
(NULL, '2013-10-07 15:30:38', '2013-12-04 15:19:51', 2, 'Admin', NULL, 'Site User:Admin', 'Logged Out', '', 0, '::1'),
(NULL, '2013-10-07 15:38:35', '2013-12-04 15:19:51', 2, 'Admin', NULL, 'Site User:Admin', 'Logged Out', '', 0, '::1'),
(NULL, '2013-10-07 16:23:13', '0000-00-00 00:00:00', 0, '', NULL, 'Site User: Unknown', 'loggin Failed.!', '', 0, '::1'),
(NULL, '2013-10-07 16:23:19', '2013-12-04 15:19:51', 2, 'Admin', NULL, 'Site User:Admin', 'Logged Out', '', 0, '::1'),
(NULL, '2013-10-08 01:00:50', '2013-12-04 15:19:51', 2, 'Admin', NULL, 'Site User:Admin', 'Logged Out', '', 0, '::1'),
(NULL, '2013-10-08 03:04:54', '2013-12-04 15:19:51', 2, 'Admin', NULL, 'Site User:Admin', 'Logged Out', '', 0, '::1'),
(NULL, '2013-10-08 10:59:29', '2013-12-04 15:19:51', 2, 'Admin', NULL, 'Site User:Admin', 'Logged Out', '', 0, '::1'),
(NULL, '2013-10-08 19:53:40', '2013-12-04 15:19:51', 2, 'Admin', NULL, 'Site User:Admin', 'Logged Out', '', 0, '::1'),
(NULL, '2013-10-08 19:56:08', '2013-12-04 15:19:51', 2, 'Admin', NULL, 'Site User:Admin', 'Logged Out', '', 0, '::1'),
(NULL, '2013-10-08 20:32:28', '2013-12-04 15:19:51', 2, 'Admin', NULL, 'Site User:Admin', 'Logged Out', '', 0, '::1'),
(NULL, '2013-10-08 20:54:44', '0000-00-00 00:00:00', 0, '', NULL, 'Site User: Unknown', 'loggin Failed.!', '', 0, '::1'),
(NULL, '2013-10-08 20:54:54', '0000-00-00 00:00:00', 0, 'lenny', NULL, 'Site User: Unknown', 'loggin Failed.!', 'strength', 0, '::1'),
(NULL, '2013-10-08 23:53:57', '0000-00-00 00:00:00', 0, '', NULL, 'Site User: Unknown', 'loggin Failed.!', '', 0, '::1'),
(NULL, '2013-10-08 23:54:04', '2013-12-04 15:19:51', 2, 'Admin', NULL, 'Site User:Admin', 'Logged Out', '', 0, '::1'),
(NULL, '2013-10-10 18:22:07', '2013-12-04 15:19:51', 2, 'Admin', NULL, 'Site User:Admin', 'Logged Out', '', 0, '::1'),
(NULL, '2013-11-06 16:09:39', '0000-00-00 00:00:00', 0, 'naads', NULL, 'Site User: Unknown', 'loggin Failed.!', '123456', 0, '::1'),
(NULL, '2013-11-06 16:09:54', '0000-00-00 00:00:00', 0, 'naads', NULL, 'Site User: Unknown', 'loggin Failed.!', '123456', 0, '::1'),
(NULL, '2013-11-06 16:11:17', '0000-00-00 00:00:00', 0, 'carol', NULL, 'Site User: Unknown', 'loggin Failed.!', 'carol', 0, '::1'),
(NULL, '2013-11-06 16:11:25', '0000-00-00 00:00:00', 0, 'carol', NULL, 'Site User: Unknown', 'loggin Failed.!', 'carol', 0, '::1'),
(NULL, '2013-11-06 16:11:35', '2013-12-04 15:19:51', 2, 'Admin', NULL, 'Site User:Admin', 'Logged Out', '', 0, '::1'),
(NULL, '2013-11-07 15:54:27', '0000-00-00 00:00:00', 0, 'naads', NULL, 'Site User: Unknown', 'loggin Failed.!', 'naads', 0, '::1'),
(NULL, '2013-11-07 15:54:36', '2013-12-04 02:42:22', 5, 'naads', NULL, 'Site User:naads', 'Logged Out', '', 0, '::1'),
(NULL, '2013-11-07 16:08:41', '2013-12-04 15:19:51', 2, 'Admin', NULL, 'Site User:Admin', 'Logged Out', '', 0, '::1'),
(NULL, '2013-11-07 16:09:17', '2013-12-04 15:19:51', 2, 'Admin', NULL, 'Site User:Admin', 'Logged Out', '', 0, '::1'),
(NULL, '2013-11-07 16:14:00', '2013-12-04 15:19:51', 2, 'Admin', NULL, 'Site User:Admin', 'Logged Out', '', 0, '::1'),
(NULL, '2013-11-07 16:16:49', '2013-12-04 15:19:51', 2, 'Admin', NULL, 'Site User:Admin', 'Logged Out', '', 0, '::1'),
(NULL, '2013-11-07 16:17:03', '2013-12-04 02:42:22', 5, 'naads', NULL, 'Site User:naads', 'Logged Out', '', 0, '::1'),
(NULL, '2013-11-07 16:17:17', '2013-12-04 15:19:51', 2, 'Admin', NULL, 'Site User:Admin', 'Logged Out', '', 0, '::1'),
(NULL, '2013-11-07 16:17:46', '2013-12-04 15:19:51', 2, 'Admin', NULL, 'Site User:Admin', 'Logged Out', '', 0, '::1'),
(NULL, '2013-11-07 16:19:21', '2013-12-04 02:42:22', 5, 'naads', NULL, 'Site User:naads', 'Logged Out', '', 0, '::1'),
(NULL, '2013-11-07 16:19:32', '2013-12-04 15:19:51', 2, 'Admin', NULL, 'Site User:Admin', 'Logged Out', '', 0, '::1'),
(NULL, '2013-11-07 16:20:13', '2013-12-04 02:42:22', 5, 'naads', NULL, 'Site User:naads', 'Logged Out', '', 0, '::1'),
(NULL, '2013-11-07 16:42:28', '2013-12-04 15:19:51', 2, 'Admin', NULL, 'Site User:Admin', 'Logged Out', '', 0, '::1'),
(NULL, '2013-11-07 17:00:44', '2013-12-04 02:42:22', 5, 'naads', NULL, 'Site User:naads', 'Logged Out', '', 0, '::1'),
(NULL, '2013-11-07 17:47:55', '2013-12-04 02:42:22', 5, 'naads', NULL, 'Site User:naads', 'Logged Out', '', 0, '::1'),
(NULL, '2013-11-07 17:57:10', '2013-12-04 15:19:51', 2, 'Admin', NULL, 'Site User:Admin', 'Logged Out', '', 0, '::1'),
(NULL, '2013-11-07 17:57:46', '2013-12-04 02:42:22', 5, 'naads', NULL, 'Site User:naads', 'Logged Out', '', 0, '::1'),
(NULL, '2013-11-07 17:58:21', '2013-12-04 02:42:22', 5, 'naads', NULL, 'Site User:naads', 'Logged Out', '', 0, '::1'),
(NULL, '2013-11-07 18:54:17', '2013-12-04 02:42:22', 5, 'naads', NULL, 'Site User:naads', 'Logged Out', '', 0, '::1'),
(NULL, '2013-11-27 15:51:31', '2013-12-04 15:19:51', 2, 'Admin', NULL, 'Site User:Admin', 'Logged Out', '', 0, '::1'),
(NULL, '2013-11-27 15:54:03', '2013-12-04 02:42:22', 5, 'naads', NULL, 'Site User:naads', 'Logged Out', '', 0, '::1'),
(NULL, '2013-11-27 17:18:48', '0000-00-00 00:00:00', 0, 'admin', NULL, 'Site User: Unknown', 'loggin Failed.!', '1234545', 0, '::1'),
(NULL, '2013-11-30 16:42:43', '2013-12-04 15:19:51', 2, 'Admin', NULL, 'Site User:Admin', 'Logged Out', '', 0, '::1'),
(NULL, '2013-12-04 02:41:06', '2013-12-04 02:42:22', 5, 'naads', NULL, 'Site User:naads', 'Logged Out', '', 0, '::1'),
(NULL, '2013-12-04 02:41:57', '2013-12-04 02:42:22', 5, 'naads', NULL, 'Site User:naads', 'Logged Out', '', 0, '::1'),
(NULL, '2013-12-04 02:42:40', '0000-00-00 00:00:00', 0, 'carol', NULL, 'Site User: Unknown', 'loggin Failed.!', 'rossii', 0, '::1'),
(NULL, '2013-12-04 02:42:47', '2013-12-04 15:19:51', 2, 'Admin', NULL, 'Site User:Admin', 'Logged Out', '', 0, '::1'),
(NULL, '2014-01-23 19:13:15', '0000-00-00 00:00:00', 2, 'Admin', NULL, 'Site User:Admin', 'logged In', '', 0, '::1'),
(NULL, '2014-01-23 21:41:21', '0000-00-00 00:00:00', 2, 'Admin', NULL, 'Site User:Admin', 'logged In', '', 0, '::1'),
(NULL, '2014-03-17 15:23:51', '0000-00-00 00:00:00', 0, 'carol', NULL, 'Site User: Unknown', 'loggin Failed.!', 'carol', 0, '127.0.0.1'),
(NULL, '2014-03-17 15:24:04', '0000-00-00 00:00:00', 2, 'Admin', NULL, 'Site User:Admin', 'logged In', '', 0, '127.0.0.1'),
(NULL, '2014-04-09 22:12:53', '0000-00-00 00:00:00', 2, 'Admin', NULL, 'Site User:Admin', 'logged In', '', 0, '127.0.0.1'),
(NULL, '2014-04-17 21:45:49', '0000-00-00 00:00:00', 2, 'Admin', NULL, 'Site User:Admin', 'logged In', '', 0, '127.0.0.1');

-- --------------------------------------------------------

--
-- Table structure for table `farmers`
--

CREATE TABLE IF NOT EXISTS `farmers` (
  `id` int(11) NOT NULL AUTO_INCREMENT,
  `name` text NOT NULL,
  `gender` varchar(250) NOT NULL,
  `sub_county` varchar(250) NOT NULL,
  `district` varchar(250) NOT NULL,
  `tele_phpne` int(11) NOT NULL,
  PRIMARY KEY (`id`)
) ENGINE=MyISAM DEFAULT CHARSET=latin1 AUTO_INCREMENT=1 ;

-- --------------------------------------------------------

--
-- Table structure for table `farms_records`
--

CREATE TABLE IF NOT EXISTS `farms_records` (
  `farmers_id` int(11) NOT NULL AUTO_INCREMENT,
  `cat_id` int(11) NOT NULL,
  `author_id` int(11) NOT NULL,
  `tel_no` int(25) NOT NULL,
  `keyword` varchar(25) NOT NULL DEFAULT 'mulimisa',
  `names` varchar(30) NOT NULL,
  `gender` text NOT NULL,
  `sub` varchar(30) NOT NULL,
  `district` varchar(25) NOT NULL,
  `network` varchar(25) NOT NULL DEFAULT 'MTN',
  `date_submitted` datetime NOT NULL DEFAULT '0000-00-00 00:00:00',
  `date_modified` datetime NOT NULL DEFAULT '0000-00-00 00:00:00',
  `view_all` tinyint(1) NOT NULL DEFAULT '1',
  PRIMARY KEY (`farmers_id`)
) ENGINE=MyISAM  DEFAULT CHARSET=latin1 AUTO_INCREMENT=574 ;

--
-- Dumping data for table `farms_records`
--

INSERT INTO `farms_records` (`farmers_id`, `cat_id`, `author_id`, `tel_no`, `keyword`, `names`, `gender`, `sub`, `district`, `network`, `date_submitted`, `date_modified`, `view_all`) VALUES
(1, 51, 2, 774822169, 'mulimisa', 'BIRUNGI STELLA NSUBUGA', 'F', 'NYENDO SSENNYANGE', 'Masaka', 'MTN', '2013-12-04 17:18:41', '0000-00-00 00:00:00', 1),
(2, 51, 2, 753033785, 'mulimisa', 'MUGERWA GEORGE', 'M', 'NYENDO SSENNYANGE', 'Masaka', 'MTN', '2013-12-04 17:18:41', '0000-00-00 00:00:00', 1),
(3, 51, 2, 784822921, 'mulimisa', 'BWANIKA ANNET', 'F', 'NYENDO SSENNYANGE', 'Masaka', 'MTN', '2013-12-04 17:18:41', '0000-00-00 00:00:00', 1),
(4, 51, 2, 752513188, 'mulimisa', 'SSENGENDO OLIVIA', 'F', 'NYENDO SSENNYANGE', 'Masaka', 'MTN', '2013-12-04 17:18:41', '0000-00-00 00:00:00', 1),
(5, 51, 2, 782420243, 'mulimisa', 'BASIRIKA SCOVIA', 'F', 'NYENDO SSENNYANGE', 'Masaka', 'MTN', '2013-12-04 17:18:41', '0000-00-00 00:00:00', 1),
(6, 51, 2, 717267567, 'mulimisa', 'NAKITTO MARGRET', 'F', 'NYENDO SSENNYANGE', 'Masaka', 'MTN', '2013-12-04 17:18:41', '0000-00-00 00:00:00', 1),
(7, 51, 2, 701602222, 'mulimisa', 'NAMANDA GET', 'F', 'NYENDO SSENNYANGE', 'Masaka', 'MTN', '2013-12-04 17:18:41', '0000-00-00 00:00:00', 1),
(8, 51, 2, 774572122, 'mulimisa', 'SAMUEL MUGAMBWA', 'M', 'NYENDO SSENNYANGE', 'Masaka', 'MTN', '2013-12-04 17:18:41', '0000-00-00 00:00:00', 1),
(9, 51, 2, 753722462, 'mulimisa', 'TEBANDEKKE EDWARD', 'M', 'NYENDO SSENNYANGE', 'Masaka', 'MTN', '2013-12-04 17:18:41', '0000-00-00 00:00:00', 1),
(10, 51, 2, 787421240, 'mulimisa', 'KABUJE WILLIAM', 'M', 'NYENDO SSENNYANGE', 'Masaka', 'MTN', '2013-12-04 17:18:41', '0000-00-00 00:00:00', 1),
(11, 51, 2, 772654539, 'mulimisa', 'BUKENYA VICENT', 'M', 'NYENDO SSENNYANGE', 'Masaka', 'MTN', '2013-12-04 17:18:41', '0000-00-00 00:00:00', 1),
(12, 51, 2, 754232133, 'mulimisa', 'KAMUYYANDA BUZ', 'M', 'NYENDO SSENNYANGE', 'Masaka', 'MTN', '2013-12-04 17:18:41', '0000-00-00 00:00:00', 1),
(13, 51, 2, 774200258, 'mulimisa', 'LUBEGA JOSEPH', 'M', 'NYENDO SSENNYANGE', 'Masaka', 'MTN', '2013-12-04 17:18:41', '0000-00-00 00:00:00', 1),
(14, 51, 2, 702019486, 'mulimisa', 'KAHINDA NOOR', 'M', 'NYENDO SSENNYANGE', 'Masaka', 'MTN', '2013-12-04 17:18:41', '0000-00-00 00:00:00', 1),
(15, 51, 2, 772674759, 'mulimisa', 'NSIBIRWA HABIL', 'M', 'NYENDO SSENNYANGE', 'Masaka', 'MTN', '2013-12-04 17:18:41', '0000-00-00 00:00:00', 1),
(16, 51, 2, 784023299, 'mulimisa', 'NANTOGO RESTY', 'F', 'NYENDO SSENNYANGE', 'Masaka', 'MTN', '2013-12-04 17:18:41', '0000-00-00 00:00:00', 1),
(17, 51, 2, 773375656, 'mulimisa', 'MUTEBI PAUL', 'M', 'NYENDO SSENNYANGE', 'Masaka', 'MTN', '2013-12-04 17:18:41', '0000-00-00 00:00:00', 1),
(18, 51, 2, 756461062, 'mulimisa', 'NAMPA RESTY', 'F', 'NYENDO SSENNYANGE', 'Masaka', 'MTN', '2013-12-04 17:18:41', '0000-00-00 00:00:00', 1),
(19, 51, 2, 752978626, 'mulimisa', 'NAKIWALA GERTRUDE', 'F', 'NYENDO SSENNYANGE', 'Masaka', 'MTN', '2013-12-04 17:18:41', '0000-00-00 00:00:00', 1),
(20, 51, 2, 751953817, 'mulimisa', 'NABUKEERA FLORENCE', 'F', 'NYENDO SSENNYANGE', 'Masaka', 'MTN', '2013-12-04 17:18:41', '0000-00-00 00:00:00', 1),
(21, 51, 2, 778895439, 'mulimisa', 'NALUBEGA VEINA', 'F', 'NYENDO SSENNYANGE', 'Masaka', 'MTN', '2013-12-04 17:18:41', '0000-00-00 00:00:00', 1),
(22, 51, 2, 782523517, 'mulimisa', 'KUKISIZA GODFREY', 'M', 'NYENDO SSENNYANGE', 'Masaka', 'MTN', '2013-12-04 17:18:41', '0000-00-00 00:00:00', 1),
(23, 51, 2, 704190294, 'mulimisa', 'NAKIBUUKA TEDDY', 'F', 'NYENDO SSENNYANGE', 'Masaka', 'MTN', '2013-12-04 17:18:41', '0000-00-00 00:00:00', 1),
(24, 51, 2, 782127576, 'mulimisa', 'SSENYONDO STEPHEN', 'M', 'NYENDO SSENNYANGE', 'Masaka', 'MTN', '2013-12-04 17:18:41', '0000-00-00 00:00:00', 1),
(25, 51, 2, 776890497, 'mulimisa', 'KATO JOHN', 'M', 'NYENDO SSENNYANGE', 'Masaka', 'MTN', '2013-12-04 17:18:41', '0000-00-00 00:00:00', 1),
(26, 51, 2, 772986564, 'mulimisa', 'ASIMWE SHADIAH', 'F', 'NYENDO SSENNYANGE', 'Masaka', 'MTN', '2013-12-04 17:18:41', '0000-00-00 00:00:00', 1),
(27, 51, 2, 758892828, 'mulimisa', 'NSAMBA JOHN', 'M', 'NYENDO SSENNYANGE', 'Masaka', 'MTN', '2013-12-04 17:18:41', '0000-00-00 00:00:00', 1),
(28, 51, 2, 754874479, 'mulimisa', 'WAGABAZA ANDREW', 'M', 'NYENDO SSENNYANGE', 'Masaka', 'MTN', '2013-12-04 17:18:41', '0000-00-00 00:00:00', 1),
(29, 51, 2, 752978626, 'mulimisa', 'NNAKIWALA GERTURUDE', 'F', 'NYENDO SSENNYANGE', 'Masaka', 'MTN', '2013-12-04 17:18:41', '0000-00-00 00:00:00', 1),
(30, 51, 2, 782059412, 'mulimisa', 'NANTALE ANNET', 'F', 'NYENDO SSENNYANGE', 'Masaka', 'MTN', '2013-12-04 17:18:41', '0000-00-00 00:00:00', 1),
(31, 51, 2, 772873323, 'mulimisa', 'MUBEERA JANE INNOCENT', 'M', 'NYENDO SSENNYANGE', 'Masaka', 'MTN', '2013-12-04 17:18:41', '0000-00-00 00:00:00', 1),
(32, 51, 2, 752816690, 'mulimisa', 'NAMUGERWA EASTHER', 'F', 'NYENDO SSENNYANGE', 'Masaka', 'MTN', '2013-12-04 17:18:41', '0000-00-00 00:00:00', 1),
(33, 51, 2, 775593444, 'mulimisa', 'SAUDAH NAMWANJE', 'F', 'NYENDO SSENNYANGE', 'Masaka', 'MTN', '2013-12-04 17:18:41', '0000-00-00 00:00:00', 1),
(34, 51, 2, 774634322, 'mulimisa', 'NAMANDA MARGRATE', 'F', 'NYENDO SSENNYANGE', 'Masaka', 'MTN', '2013-12-04 17:18:41', '0000-00-00 00:00:00', 1),
(35, 51, 2, 752645715, 'mulimisa', 'SSENTOGO JOHN', 'M', 'NYENDO SSENNYANGE', 'Masaka', 'MTN', '2013-12-04 17:18:41', '0000-00-00 00:00:00', 1),
(36, 51, 2, 775277716, 'mulimisa', 'BBAALE MATIA', 'M', 'NYENDO SSENNYANGE', 'Masaka', 'MTN', '2013-12-04 17:18:41', '0000-00-00 00:00:00', 1),
(37, 51, 2, 752157595, 'mulimisa', 'NANONO DIANA', 'F', 'NYENDO SSENNYANGE', 'Masaka', 'MTN', '2013-12-04 17:18:41', '0000-00-00 00:00:00', 1),
(38, 51, 2, 772663309, 'mulimisa', 'LUVUMA EVA', 'F', 'NYENDO SSENNYANGE', 'Masaka', 'MTN', '2013-12-04 17:18:41', '0000-00-00 00:00:00', 1),
(39, 51, 2, 757389559, 'mulimisa', 'LUWAYIZI GERALD', 'M', 'MUKUNGWE', 'Masaka', 'MTN', '2013-12-04 17:18:41', '0000-00-00 00:00:00', 1),
(40, 51, 2, 789008462, 'mulimisa', 'NAMBASA JANE', 'F', 'MUKUNGWE', 'Masaka', 'MTN', '2013-12-04 17:18:41', '0000-00-00 00:00:00', 1),
(41, 51, 2, 703563575, 'mulimisa', 'NASANZI AGINESI', 'F', 'MUKUNGWE', 'Masaka', 'MTN', '2013-12-04 17:18:41', '0000-00-00 00:00:00', 1),
(42, 51, 2, 753236327, 'mulimisa', 'NAKAWUNGU ', 'F', 'MUKUNGWE', 'Masaka', 'MTN', '2013-12-04 17:18:41', '0000-00-00 00:00:00', 1),
(43, 51, 2, 700612553, 'mulimisa', 'KIYEMBA EDITH', 'F', 'MUKUNGWE', 'Masaka', 'MTN', '2013-12-04 17:18:41', '0000-00-00 00:00:00', 1),
(44, 51, 2, 750768294, 'mulimisa', 'KYALISIMA SALON', 'F', 'MUKUNGWE', 'Masaka', 'MTN', '2013-12-04 17:18:41', '0000-00-00 00:00:00', 1),
(45, 51, 2, 703702524, 'mulimisa', 'NAKIMBUGWE', 'F', 'MUKUNGWE', 'Masaka', 'MTN', '2013-12-04 17:18:41', '0000-00-00 00:00:00', 1),
(46, 51, 2, 775838758, 'mulimisa', 'NAMYALO JESCA', 'F', 'MUKUNGWE', 'Masaka', 'MTN', '2013-12-04 17:18:41', '0000-00-00 00:00:00', 1),
(47, 51, 2, 757014001, 'mulimisa', 'NANYANZI GORRETH', 'F', 'MUKUNGWE', 'Masaka', 'MTN', '2013-12-04 17:18:41', '0000-00-00 00:00:00', 1),
(48, 51, 2, 758390116, 'mulimisa', 'NAKIDDE DOREEN', 'F', 'MUKUNGWE', 'Masaka', 'MTN', '2013-12-04 17:18:41', '0000-00-00 00:00:00', 1),
(49, 51, 2, 753195845, 'mulimisa', 'BBAWFA GELACH', 'F', 'MUKUNGWE', 'Masaka', 'MTN', '2013-12-04 17:18:41', '0000-00-00 00:00:00', 1),
(50, 51, 2, 757833598, 'mulimisa', 'NAMAGEMBE RUTH', 'F', 'MUKUNGWE', 'Masaka', 'MTN', '2013-12-04 17:18:41', '0000-00-00 00:00:00', 1),
(51, 51, 2, 781780213, 'mulimisa', 'NABAKOOZA ROSE', 'F', 'MUKUNGWE', 'Masaka', 'MTN', '2013-12-04 17:18:41', '0000-00-00 00:00:00', 1),
(52, 51, 2, 753824444, 'mulimisa', 'NANYOMBI MARGE', 'F', 'MUKUNGWE', 'Masaka', 'MTN', '2013-12-04 17:18:41', '0000-00-00 00:00:00', 1),
(53, 51, 2, 754815055, 'mulimisa', 'ZZIWA J NASOZI', 'F', 'MUKUNGWE', 'Masaka', 'MTN', '2013-12-04 17:18:41', '0000-00-00 00:00:00', 1),
(54, 51, 2, 754731273, 'mulimisa', 'NALIMA V', 'F', 'MUKUNGWE', 'Masaka', 'MTN', '2013-12-04 17:18:41', '0000-00-00 00:00:00', 1),
(55, 51, 2, 752271431, 'mulimisa', 'PR NSENGIYUNUA ELISA', 'M', 'MUKUNGWE', 'Masaka', 'MTN', '2013-12-04 17:18:41', '0000-00-00 00:00:00', 1),
(56, 51, 2, 2147483647, 'mulimisa', 'YIGA JOSEPH', 'M', 'MUKUNGWE', 'Masaka', 'MTN', '2013-12-04 17:18:41', '0000-00-00 00:00:00', 1),
(57, 51, 2, 787258082, 'mulimisa', 'NALONGO NSAMBA', 'F', 'MUKUNGWE', 'Masaka', 'MTN', '2013-12-04 17:18:41', '0000-00-00 00:00:00', 1),
(58, 51, 2, 757349026, 'mulimisa', 'KATO SEMBA ERIC', 'M', 'MUKUNGWE', 'Masaka', 'MTN', '2013-12-04 17:18:41', '0000-00-00 00:00:00', 1),
(59, 51, 2, 757030865, 'mulimisa', 'NAKALYANGO FRANCIS', 'M', 'MUKUNGWE', 'Masaka', 'MTN', '2013-12-04 17:18:41', '0000-00-00 00:00:00', 1),
(60, 51, 2, 752541725, 'mulimisa', 'KYAMBADDE MICHEAL', 'M', 'MUKUNGWE', 'Masaka', 'MTN', '2013-12-04 17:18:41', '0000-00-00 00:00:00', 1),
(61, 51, 2, 75191027, 'mulimisa', 'NAKIRABIRA CISSY', 'F', 'MUKUNGWE', 'Masaka', 'MTN', '2013-12-04 17:18:41', '0000-00-00 00:00:00', 1),
(62, 51, 2, 782075453, 'mulimisa', 'KIMBOWA PETU', 'F', 'MUKUNGWE', 'Masaka', 'MTN', '2013-12-04 17:18:41', '0000-00-00 00:00:00', 1),
(63, 51, 2, 774834467, 'mulimisa', 'NAKYONYI FLORENCE', 'F', 'MUKUNGWE', 'Masaka', 'MTN', '2013-12-04 17:18:41', '0000-00-00 00:00:00', 1),
(64, 51, 2, 777829, 'mulimisa', 'NNALONGO DEIZE', 'F', 'MUKUNGWE', 'Masaka', 'MTN', '2013-12-04 17:18:41', '0000-00-00 00:00:00', 1),
(65, 51, 2, 754650811, 'mulimisa', 'NAKAFEERO TEDDY', 'F', 'MUKUNGWE', 'Masaka', 'MTN', '2013-12-04 17:18:41', '0000-00-00 00:00:00', 1),
(66, 51, 2, 784545978, 'mulimisa', 'NAMBUSI GERALD', 'M', 'MUKUNGWE', 'Masaka', 'MTN', '2013-12-04 17:18:41', '0000-00-00 00:00:00', 1),
(67, 51, 2, 774288835, 'mulimisa', 'KAZIBWE CATHERINE', 'F', 'MUKUNGWE', 'Masaka', 'MTN', '2013-12-04 17:18:41', '0000-00-00 00:00:00', 1),
(68, 51, 2, 753846572, 'mulimisa', 'KYAMBADDE  J', 'F', 'MUKUNGWE', 'Masaka', 'MTN', '2013-12-04 17:18:41', '0000-00-00 00:00:00', 1),
(69, 51, 2, 782822915, 'mulimisa', 'NASSUUNA MARGARET', 'F', 'MUKUNGWE', 'Masaka', 'MTN', '2013-12-04 17:18:41', '0000-00-00 00:00:00', 1),
(70, 51, 2, 776293100, 'mulimisa', 'NYANZI TIMOTHY', 'M', 'MUKUNGWE', 'Masaka', 'MTN', '2013-12-04 17:18:41', '0000-00-00 00:00:00', 1),
(71, 51, 2, 753419955, 'mulimisa', 'NABATEREGGA AMINAKYALI', 'F', 'MUKUNGWE', 'Masaka', 'MTN', '2013-12-04 17:18:41', '0000-00-00 00:00:00', 1),
(72, 51, 2, 753694954, 'mulimisa', 'JOSEPH SSAMULA', 'M', 'MUKUNGWE', 'Masaka', 'MTN', '2013-12-04 17:18:41', '0000-00-00 00:00:00', 1),
(73, 51, 2, 775108488, 'mulimisa', 'NAJJEMBA GRACE', 'F', 'MUKUNGWE', 'Masaka', 'MTN', '2013-12-04 17:18:41', '0000-00-00 00:00:00', 1),
(74, 51, 2, 755317303, 'mulimisa', 'NALUGO JULIET', 'F', 'MUKUNGWE', 'Masaka', 'MTN', '2013-12-04 17:18:41', '0000-00-00 00:00:00', 1),
(75, 51, 2, 788121711, 'mulimisa', 'KYAMBADDE MICHEAL', 'M', 'MUKUNGWE', 'Masaka', 'MTN', '2013-12-04 17:18:41', '0000-00-00 00:00:00', 1),
(76, 51, 2, 758337462, 'mulimisa', 'MUTEEBI GODFREY', 'M', 'MUKUNGWE', 'Masaka', 'MTN', '2013-12-04 17:18:41', '0000-00-00 00:00:00', 1),
(77, 51, 2, 752457073, 'mulimisa', 'NAKIYONGA GETRUDE', 'F', 'MUKUNGWE', 'Masaka', 'MTN', '2013-12-04 17:18:41', '0000-00-00 00:00:00', 1),
(78, 51, 2, 756597143, 'mulimisa', 'NAMILO REGINA', 'F', 'MUKUNGWE', 'Masaka', 'MTN', '2013-12-04 17:18:41', '0000-00-00 00:00:00', 1),
(79, 51, 2, 774562881, 'mulimisa', 'WALUKAGGA FRED', 'M', 'MUKUNGWE', 'Masaka', 'MTN', '2013-12-04 17:18:41', '0000-00-00 00:00:00', 1),
(80, 51, 2, 756822965, 'mulimisa', 'AJUMANI BWOGI', 'M', 'MUKUNGWE', 'Masaka', 'MTN', '2013-12-04 17:18:41', '0000-00-00 00:00:00', 1),
(81, 51, 2, 751786912, 'mulimisa', 'NALONGO KABUGA', 'F', 'MUKUNGWE', 'Masaka', 'MTN', '2013-12-04 17:18:41', '0000-00-00 00:00:00', 1),
(82, 51, 2, 785367770, 'mulimisa', 'EDIMOND NDULIGADO', 'M', 'MUKUNGWE', 'Masaka', 'MTN', '2013-12-04 17:18:41', '0000-00-00 00:00:00', 1),
(83, 51, 2, 750442160, 'mulimisa', 'NAKABUBI ANNET', 'F', 'MUKUNGWE', 'Masaka', 'MTN', '2013-12-04 17:18:41', '0000-00-00 00:00:00', 1),
(84, 51, 2, 752181760, 'mulimisa', 'L BUKENYA', 'M', 'MUKUNGWE', 'Masaka', 'MTN', '2013-12-04 17:18:41', '0000-00-00 00:00:00', 1),
(85, 51, 2, 777376432, 'mulimisa', 'NAKKITO MARY', 'F', 'MUKUNGWE', 'Masaka', 'MTN', '2013-12-04 17:18:41', '0000-00-00 00:00:00', 1),
(86, 51, 2, 777376432, 'mulimisa', 'NASANGA T', 'M', 'MUKUNGWE', 'Masaka', 'MTN', '2013-12-04 17:18:41', '0000-00-00 00:00:00', 1),
(87, 51, 2, 757829689, 'mulimisa', 'SSENTAMU ', 'M', 'MUKUNGWE', 'Masaka', 'MTN', '2013-12-04 17:18:41', '0000-00-00 00:00:00', 1),
(88, 51, 2, 753133481, 'mulimisa', 'WANYANA MUSANGI', 'M', 'MUKUNGWE', 'Masaka', 'MTN', '2013-12-04 17:18:41', '0000-00-00 00:00:00', 1),
(89, 51, 2, 784127982, 'mulimisa', 'NAKAYEMBA IMMY', 'F', 'MUKUNGWE', 'Masaka', 'MTN', '2013-12-04 17:18:41', '0000-00-00 00:00:00', 1),
(90, 51, 2, 758056074, 'mulimisa', 'NAWANDA RICHARD', 'M', 'MUKUNGWE', 'Masaka', 'MTN', '2013-12-04 17:18:41', '0000-00-00 00:00:00', 1),
(91, 51, 2, 755093477, 'mulimisa', 'NANDUGGA SYLIVIA', 'F', 'MUKUNGWE', 'Masaka', 'MTN', '2013-12-04 17:18:41', '0000-00-00 00:00:00', 1),
(92, 51, 2, 753412260, 'mulimisa', 'NABYONGA SYLIVIA', 'F', 'MUKUNGWE', 'Masaka', 'MTN', '2013-12-04 17:18:41', '0000-00-00 00:00:00', 1),
(93, 51, 2, 754358360, 'mulimisa', 'NAKAJJIGO MARY', 'F', 'MUKUNGWE', 'Masaka', 'MTN', '2013-12-04 17:18:41', '0000-00-00 00:00:00', 1),
(94, 51, 2, 757014001, 'mulimisa', 'MULEMA TIMOTHY', 'M', 'MUKUNGWE', 'Masaka', 'MTN', '2013-12-04 17:18:41', '0000-00-00 00:00:00', 1),
(95, 51, 2, 773544850, 'mulimisa', 'NAKIBULE CISSY', 'F', 'MUKUNGWE', 'Masaka', 'MTN', '2013-12-04 17:18:41', '0000-00-00 00:00:00', 1),
(96, 51, 2, 774197614, 'mulimisa', 'NALUBOWA LEOCADIA', 'F', 'MUKUNGWE', 'Masaka', 'MTN', '2013-12-04 17:18:41', '0000-00-00 00:00:00', 1),
(97, 51, 2, 757822743, 'mulimisa', 'SARAH KIGOZI', 'F', 'MUKUNGWE', 'Masaka', 'MTN', '2013-12-04 17:18:41', '0000-00-00 00:00:00', 1),
(98, 51, 2, 754523521, 'mulimisa', 'MAYANJA JOYCE', 'F', 'MUKUNGWE', 'Masaka', 'MTN', '2013-12-04 17:18:41', '0000-00-00 00:00:00', 1),
(99, 51, 2, 791619990, 'mulimisa', 'IMMACULATE NABATELEGA', 'F', 'MUKUNGWE', 'Masaka', 'MTN', '2013-12-04 17:18:41', '0000-00-00 00:00:00', 1),
(100, 51, 2, 752595307, 'mulimisa', 'NAMIREMBE TEOPISTA', 'F', 'MUKUNGWE', 'Masaka', 'MTN', '2013-12-04 17:18:41', '0000-00-00 00:00:00', 1),
(101, 51, 2, 785701321, 'mulimisa', 'NALUBEGA NOLLY', 'F', 'MUKUNGWE', 'Masaka', 'MTN', '2013-12-04 17:18:41', '0000-00-00 00:00:00', 1),
(102, 51, 2, 785342227, 'mulimisa', 'NNAMUZI PERUSI', 'F', 'MUKUNGWE', 'Masaka', 'MTN', '2013-12-04 17:18:41', '0000-00-00 00:00:00', 1),
(103, 51, 2, 753927240, 'mulimisa', 'NAMUDDU H', 'F', 'MUKUNGWE', 'Masaka', 'MTN', '2013-12-04 17:18:41', '0000-00-00 00:00:00', 1),
(104, 51, 2, 756742774, 'mulimisa', 'KAYONDO MUSOKE', 'M', 'BUWUNGA', 'Masaka', 'MTN', '2013-12-04 17:18:41', '0000-00-00 00:00:00', 1),
(105, 51, 2, 752932838, 'mulimisa', 'KIZZA FRANCIS', 'M', 'BUWUNGA', 'Masaka', 'MTN', '2013-12-04 17:18:41', '0000-00-00 00:00:00', 1),
(106, 51, 2, 752504197, 'mulimisa', 'KIZZA KIGOYE', 'F', 'BUWUNGA', 'Masaka', 'MTN', '2013-12-04 17:18:41', '0000-00-00 00:00:00', 1),
(107, 51, 2, 784186, 'mulimisa', 'BAKEERA TONNY', 'M', 'BUWUNGA', 'Masaka', 'MTN', '2013-12-04 17:18:41', '0000-00-00 00:00:00', 1),
(108, 51, 2, 777978644, 'mulimisa', 'MULINDWA JOHN', 'M', 'BUWUNGA', 'Masaka', 'MTN', '2013-12-04 17:18:41', '0000-00-00 00:00:00', 1),
(109, 51, 2, 783951343, 'mulimisa', 'NABUKALU FESTER', 'F', 'BUWUNGA', 'Masaka', 'MTN', '2013-12-04 17:18:41', '0000-00-00 00:00:00', 1),
(110, 51, 2, 778834382, 'mulimisa', 'NABASINGA BETTY', 'F', 'BUWUNGA', 'Masaka', 'MTN', '2013-12-04 17:18:41', '0000-00-00 00:00:00', 1),
(111, 51, 2, 788982042, 'mulimisa', 'NAKATO CHRISTINE', 'F', 'BUWUNGA', 'Masaka', 'MTN', '2013-12-04 17:18:41', '0000-00-00 00:00:00', 1),
(112, 51, 2, 757038133, 'mulimisa', 'NALUBEGA EDITH', 'F', 'BUWUNGA', 'Masaka', 'MTN', '2013-12-04 17:18:41', '0000-00-00 00:00:00', 1),
(113, 51, 2, 703065080, 'mulimisa', 'NABUYONDO ALGINA', 'F', 'BUWUNGA', 'Masaka', 'MTN', '2013-12-04 17:18:41', '0000-00-00 00:00:00', 1),
(114, 51, 2, 700648323, 'mulimisa', 'NAMUGERWA MARGRET', 'F', 'BUWUNGA', 'Masaka', 'MTN', '2013-12-04 17:18:41', '0000-00-00 00:00:00', 1),
(115, 51, 2, 753306743, 'mulimisa', 'NANJERU VARISTA', 'F', 'BUWUNGA', 'Masaka', 'MTN', '2013-12-04 17:18:41', '0000-00-00 00:00:00', 1),
(116, 51, 2, 773014410, 'mulimisa', 'NAMAGANDA FLORENCE', 'F', 'BUWUNGA', 'Masaka', 'MTN', '2013-12-04 17:18:41', '0000-00-00 00:00:00', 1),
(117, 51, 2, 759825039, 'mulimisa', 'NAKAFEERO BETTY', 'F', 'BUWUNGA', 'Masaka', 'MTN', '2013-12-04 17:18:41', '0000-00-00 00:00:00', 1),
(118, 51, 2, 754132217, 'mulimisa', 'NAMUTEBI ROSE', 'F', 'BUWUNGA', 'Masaka', 'MTN', '2013-12-04 17:18:41', '0000-00-00 00:00:00', 1),
(119, 51, 2, 754346401, 'mulimisa', 'NNALWOGA ANGELINA', 'F', 'BUWUNGA', 'Masaka', 'MTN', '2013-12-04 17:18:41', '0000-00-00 00:00:00', 1),
(120, 51, 2, 702948658, 'mulimisa', 'NAKIMBUGWE POLINE', 'F', 'BUWUNGA', 'Masaka', 'MTN', '2013-12-04 17:18:41', '0000-00-00 00:00:00', 1),
(121, 51, 2, 751556080, 'mulimisa', 'KISIBIKA PATRICK N', 'M', 'BUWUNGA', 'Masaka', 'MTN', '2013-12-04 17:18:41', '0000-00-00 00:00:00', 1),
(122, 51, 2, 702948658, 'mulimisa', 'LWASA GAMBOBBI', 'M', 'BUWUNGA', 'Masaka', 'MTN', '2013-12-04 17:18:41', '0000-00-00 00:00:00', 1),
(123, 51, 2, 754928958, 'mulimisa', 'KAKOOZA DENIS', 'M', 'BUWUNGA', 'Masaka', 'MTN', '2013-12-04 17:18:41', '0000-00-00 00:00:00', 1),
(124, 51, 2, 776213302, 'mulimisa', 'KIZIGO PETER', 'M', 'BUWUNGA', 'Masaka', 'MTN', '2013-12-04 17:18:41', '0000-00-00 00:00:00', 1),
(125, 51, 2, 782401131, 'mulimisa', 'KANAMWANGI BONNY', 'F', 'BUWUNGA', 'Masaka', 'MTN', '2013-12-04 17:18:41', '0000-00-00 00:00:00', 1),
(126, 51, 2, 779498817, 'mulimisa', 'NAMATOVU ', 'F', 'BUWUNGA', 'Masaka', 'MTN', '2013-12-04 17:18:41', '0000-00-00 00:00:00', 1),
(127, 51, 2, 702746066, 'mulimisa', 'DIVINCE KALYANGO', 'F', 'BUWUNGA', 'Masaka', 'MTN', '2013-12-04 17:18:41', '0000-00-00 00:00:00', 1),
(128, 51, 2, 700546579, 'mulimisa', 'ANNET TEGALEKA', 'F', 'BUWUNGA', 'Masaka', 'MTN', '2013-12-04 17:18:41', '0000-00-00 00:00:00', 1),
(129, 51, 2, 784140341, 'mulimisa', 'NANSUBUGA JANE', 'F', 'BUWUNGA', 'Masaka', 'MTN', '2013-12-04 17:18:41', '0000-00-00 00:00:00', 1),
(130, 51, 2, 782752365, 'mulimisa', 'MUWONGE GAUDENSIA', 'F', 'BUWUNGA', 'Masaka', 'MTN', '2013-12-04 17:18:41', '0000-00-00 00:00:00', 1),
(131, 51, 2, 779420003, 'mulimisa', 'NDDAGIRE GETU', 'F', 'BUWUNGA', 'Masaka', 'MTN', '2013-12-04 17:18:41', '0000-00-00 00:00:00', 1),
(132, 51, 2, 752452918, 'mulimisa', 'NAMPEWO FLORENCE', 'F', 'BUWUNGA', 'Masaka', 'MTN', '2013-12-04 17:18:41', '0000-00-00 00:00:00', 1),
(133, 51, 2, 785878686, 'mulimisa', 'NALONGO LWEMBAWO', 'F', 'KIMANYA KYABAKUZA', 'Masaka', 'MTN', '2013-12-04 17:18:41', '0000-00-00 00:00:00', 1),
(134, 51, 2, 791230288, 'mulimisa', 'NAKKAZI JANE', 'F', 'KIMANYA KYABAKUZA', 'Masaka', 'MTN', '2013-12-04 17:18:41', '0000-00-00 00:00:00', 1),
(135, 51, 2, 781631143, 'mulimisa', 'NDAGIRE OLIVER', 'F', 'KIMANYA KYABAKUZA', 'Masaka', 'MTN', '2013-12-04 17:18:41', '0000-00-00 00:00:00', 1),
(136, 51, 2, 781464600, 'mulimisa', 'ANTONIA NAKALEMA', 'F', 'KIMANYA KYABAKUZA', 'Masaka', 'MTN', '2013-12-04 17:18:41', '0000-00-00 00:00:00', 1),
(137, 51, 2, 779678599, 'mulimisa', 'NABAGESERA', 'F', 'KIMANYA KYABAKUZA', 'Masaka', 'MTN', '2013-12-04 17:18:41', '0000-00-00 00:00:00', 1),
(138, 51, 2, 755274909, 'mulimisa', 'NAKANWAGI RESTY', 'F', 'KIMANYA KYABAKUZA', 'Masaka', 'MTN', '2013-12-04 17:18:41', '0000-00-00 00:00:00', 1),
(139, 51, 2, 785163383, 'mulimisa', 'KAYANGA JOACKIM', 'M', 'KIMANYA KYABAKUZA', 'Masaka', 'MTN', '2013-12-04 17:18:41', '0000-00-00 00:00:00', 1),
(140, 51, 2, 755214614, 'mulimisa', 'MUSISI EXERVIER FRANK', 'M', 'KIMANYA KYABAKUZA', 'Masaka', 'MTN', '2013-12-04 17:18:41', '0000-00-00 00:00:00', 1),
(141, 51, 2, 784910590, 'mulimisa', 'SARAH KAYONDO', 'F', 'KIMANYA KYABAKUZA', 'Masaka', 'MTN', '2013-12-04 17:18:41', '0000-00-00 00:00:00', 1),
(142, 51, 2, 778136723, 'mulimisa', 'NALUKWAGO LILLIAN', 'F', 'KIMANYA KYABAKUZA', 'Masaka', 'MTN', '2013-12-04 17:18:41', '0000-00-00 00:00:00', 1),
(143, 51, 2, 777548576, 'mulimisa', 'NAKYEYUNE JANE', 'F', 'KIMANYA KYABAKUZA', 'Masaka', 'MTN', '2013-12-04 17:18:41', '0000-00-00 00:00:00', 1),
(144, 51, 2, 757031786, 'mulimisa', 'NAMULI MADINA', 'F', 'KIMANYA KYABAKUZA', 'Masaka', 'MTN', '2013-12-04 17:18:41', '0000-00-00 00:00:00', 1),
(145, 51, 2, 755214882, 'mulimisa', 'SSEROYANGO GONZAGA', 'M', 'KIMANYA KYABAKUZA', 'Masaka', 'MTN', '2013-12-04 17:18:41', '0000-00-00 00:00:00', 1),
(146, 51, 2, 785231693, 'mulimisa', 'NALUKANGA REGINA', 'F', 'KIMANYA KYABAKUZA', 'Masaka', 'MTN', '2013-12-04 17:18:41', '0000-00-00 00:00:00', 1),
(147, 51, 2, 752668623, 'mulimisa', 'PROSSY YIGA', 'F', 'KIMANYA KYABAKUZA', 'Masaka', 'MTN', '2013-12-04 17:18:41', '0000-00-00 00:00:00', 1),
(148, 51, 2, 787405506, 'mulimisa', 'NAMUKASA ANNET', 'F', 'KIMANYA KYABAKUZA', 'Masaka', 'MTN', '2013-12-04 17:18:41', '0000-00-00 00:00:00', 1),
(149, 51, 2, 773375050, 'mulimisa', 'NAMAGEMBE CHRISTINE', 'F', 'KIMANYA KYABAKUZA', 'Masaka', 'MTN', '2013-12-04 17:18:41', '0000-00-00 00:00:00', 1),
(150, 51, 2, 701436301, 'mulimisa', 'NANSAMBA AISHA', 'F', 'KIMANYA KYABAKUZA', 'Masaka', 'MTN', '2013-12-04 17:18:41', '0000-00-00 00:00:00', 1),
(151, 51, 2, 777969818, 'mulimisa', 'KASIBANTE TOM', 'M', 'KIMANYA KYABAKUZA', 'Masaka', 'MTN', '2013-12-04 17:18:41', '0000-00-00 00:00:00', 1),
(152, 51, 2, 774676665, 'mulimisa', 'NAKKU PROSSY', 'F', 'KIMANYA KYABAKUZA', 'Masaka', 'MTN', '2013-12-04 17:18:41', '0000-00-00 00:00:00', 1),
(153, 51, 2, 784218111, 'mulimisa', 'NAKALO BENA', 'M', 'KIMANYA KYABAKUZA', 'Masaka', 'MTN', '2013-12-04 17:18:41', '0000-00-00 00:00:00', 1),
(154, 51, 2, 772606026, 'mulimisa', 'MUKASA JOSPHINE', 'F', 'KIMANYA KYABAKUZA', 'Masaka', 'MTN', '2013-12-04 17:18:41', '0000-00-00 00:00:00', 1),
(155, 51, 2, 700994267, 'mulimisa', 'KATUMBA JOSEPH', 'M', 'KIMANYA KYABAKUZA', 'Masaka', 'MTN', '2013-12-04 17:18:41', '0000-00-00 00:00:00', 1),
(156, 51, 2, 751976860, 'mulimisa', 'KASUMBA MICHEAL', 'M', 'KIMANYA KYABAKUZA', 'Masaka', 'MTN', '2013-12-04 17:18:41', '0000-00-00 00:00:00', 1),
(157, 51, 2, 774287878, 'mulimisa', 'KIMERA HAWA', 'F', 'KIMANYA KYABAKUZA', 'Masaka', 'MTN', '2013-12-04 17:18:41', '0000-00-00 00:00:00', 1),
(158, 51, 2, 754819544, 'mulimisa', 'ASSUPTER KIGGUNDU', 'M', 'KIMANYA KYABAKUZA', 'Masaka', 'MTN', '2013-12-04 17:18:41', '0000-00-00 00:00:00', 1),
(159, 51, 2, 781799721, 'mulimisa', 'RONALD SSENYONGA', 'M', 'KIMANYA KYABAKUZA', 'Masaka', 'MTN', '2013-12-04 17:18:41', '0000-00-00 00:00:00', 1),
(160, 51, 2, 753826744, 'mulimisa', 'SSERUYANGE VICK', 'M', 'KIMANYA KYABAKUZA', 'Masaka', 'MTN', '2013-12-04 17:18:41', '0000-00-00 00:00:00', 1),
(161, 51, 2, 772651429, 'mulimisa', 'PST JOHN WALUSIMB', 'M', 'KIMANYA KYABAKUZA', 'Masaka', 'MTN', '2013-12-04 17:18:41', '0000-00-00 00:00:00', 1),
(162, 51, 2, 773178742, 'mulimisa', 'NAMWANGA EVALYN', 'E', 'KIMANYA KYABAKUZA', 'Masaka', 'MTN', '2013-12-04 17:18:41', '0000-00-00 00:00:00', 1),
(163, 51, 2, 701659081, 'mulimisa', 'KAYINGA VOILET', 'F', 'KIMANYA KYABAKUZA', 'Masaka', 'MTN', '2013-12-04 17:18:41', '0000-00-00 00:00:00', 1),
(164, 51, 2, 782392704, 'mulimisa', 'NABUMPEYA RESTY', 'F', 'KIMANYA KYABAKUZA', 'Masaka', 'MTN', '2013-12-04 17:18:41', '0000-00-00 00:00:00', 1),
(165, 51, 2, 704253702, 'mulimisa', 'NAKALEMA KABONGOZE', 'M', 'KIMANYA KYABAKUZA', 'Masaka', 'MTN', '2013-12-04 17:18:41', '0000-00-00 00:00:00', 1),
(166, 51, 2, 703060994, 'mulimisa', 'BWANIKA GEORGE', 'M', 'KYANAMUKAAKA', 'Masaka', 'MTN', '2013-12-04 17:18:41', '0000-00-00 00:00:00', 1),
(167, 51, 2, 703681911, 'mulimisa', 'MAGAMBO PETER', 'M', 'KYANAMUKAAKA', 'Masaka', 'MTN', '2013-12-04 17:18:41', '0000-00-00 00:00:00', 1),
(168, 51, 2, 703260133, 'mulimisa', 'KATEREGGA C', 'F', 'KYANAMUKAAKA', 'Masaka', 'MTN', '2013-12-04 17:18:41', '0000-00-00 00:00:00', 1),
(169, 51, 2, 703065149, 'mulimisa', 'ZZALWANGO ANNET', 'F', 'KYANAMUKAAKA', 'Masaka', 'MTN', '2013-12-04 17:18:41', '0000-00-00 00:00:00', 1),
(170, 51, 2, 703447295, 'mulimisa', 'NAKITTO OLIVER', 'F', 'KYANAMUKAAKA', 'Masaka', 'MTN', '2013-12-04 17:18:41', '0000-00-00 00:00:00', 1),
(171, 51, 2, 703447295, 'mulimisa', 'NAKASULE FLORENCE', 'F', 'KYANAMUKAAKA', 'Masaka', 'MTN', '2013-12-04 17:18:41', '0000-00-00 00:00:00', 1),
(172, 51, 2, 701384501, 'mulimisa', 'LUKWAGO JOSEPH', 'M', 'KYANAMUKAAKA', 'Masaka', 'MTN', '2013-12-04 17:18:41', '0000-00-00 00:00:00', 1),
(173, 51, 2, 703063703, 'mulimisa', 'SSENTAMU FRANCIS', 'M', 'KYANAMUKAAKA', 'Masaka', 'MTN', '2013-12-04 17:18:41', '0000-00-00 00:00:00', 1),
(174, 51, 2, 754228180, 'mulimisa', 'LUGEMWA GEORGE', 'M', 'KYANAMUKAAKA', 'Masaka', 'MTN', '2013-12-04 17:18:41', '0000-00-00 00:00:00', 1),
(175, 51, 2, 773184992, 'mulimisa', 'MATABAALO YETEESI', 'F', 'KYANAMUKAAKA', 'Masaka', 'MTN', '2013-12-04 17:18:41', '0000-00-00 00:00:00', 1),
(176, 51, 2, 703323889, 'mulimisa', 'SSEMPUNGA ACHILLES', 'M', 'KYANAMUKAAKA', 'Masaka', 'MTN', '2013-12-04 17:18:41', '0000-00-00 00:00:00', 1),
(177, 51, 2, 758306187, 'mulimisa', 'NALUKWATA JOSEPHINE', 'M', 'KYANAMUKAAKA', 'Masaka', 'MTN', '2013-12-04 17:18:41', '0000-00-00 00:00:00', 1),
(178, 51, 2, 701508755, 'mulimisa', 'DDAMULIRA JOHN', 'M', 'KYANAMUKAAKA', 'Masaka', 'MTN', '2013-12-04 17:18:41', '0000-00-00 00:00:00', 1),
(179, 51, 2, 792727828, 'mulimisa', 'BARBRA KASUJJA', 'F', 'KYANAMUKAAKA', 'Masaka', 'MTN', '2013-12-04 17:18:41', '0000-00-00 00:00:00', 1),
(180, 51, 2, 703268933, 'mulimisa', 'MUDDU B B', 'M', 'KYANAMUKAAKA', 'Masaka', 'MTN', '2013-12-04 17:18:41', '0000-00-00 00:00:00', 1),
(181, 51, 2, 772432862, 'mulimisa', 'DR.KIRUMIRA MUKASA', 'M', 'MASAKA', 'Masaka', 'MTN', '2013-12-04 17:18:41', '0000-00-00 00:00:00', 1),
(182, 51, 2, 701624789, 'mulimisa', 'KIRWANGWA AGNES', 'F', 'KYANAMUKAAKA', 'Masaka', 'MTN', '2013-12-04 17:18:41', '0000-00-00 00:00:00', 1),
(183, 51, 2, 702921616, 'mulimisa', 'MIGADDE PAUL RICHARD', 'M', 'KYANAMUKAAKA', 'Masaka', 'MTN', '2013-12-04 17:18:41', '0000-00-00 00:00:00', 1),
(184, 51, 2, 772091719, 'mulimisa', 'NAMBAFU PAUL', 'M', 'KYANAMUKAAKA', 'Masaka', 'MTN', '2013-12-04 17:18:41', '0000-00-00 00:00:00', 1),
(185, 51, 2, 751728301, 'mulimisa', 'KAWEMBA PATRICK', 'M', 'KYANAMUKAAKA', 'Masaka', 'MTN', '2013-12-04 17:18:41', '0000-00-00 00:00:00', 1),
(186, 51, 2, 702729825, 'mulimisa', 'NAKANWAGI BRIDGET', 'F', 'KYANAMUKAAKA', 'Masaka', 'MTN', '2013-12-04 17:18:41', '0000-00-00 00:00:00', 1),
(187, 51, 2, 703063813, 'mulimisa', 'NYWEVU MANJERI', 'M', 'KYANAMUKAAKA', 'Masaka', 'MTN', '2013-12-04 17:18:41', '0000-00-00 00:00:00', 1),
(188, 51, 2, 703385601, 'mulimisa', 'TAMALE SSALI JAMES', 'M', 'KYANAMUKAAKA', 'Masaka', 'MTN', '2013-12-04 17:18:41', '0000-00-00 00:00:00', 1),
(189, 51, 2, 755628199, 'mulimisa', 'KATULUME MOSES', 'M', 'KYANAMUKAAKA', 'Masaka', 'MTN', '2013-12-04 17:18:41', '0000-00-00 00:00:00', 1),
(190, 51, 2, 704151000, 'mulimisa', 'LUKYAMUZU MUHAMED', 'M', 'KATWE BUTEGO', 'Masaka', 'MTN', '2013-12-04 17:18:41', '0000-00-00 00:00:00', 1),
(191, 51, 2, 758899712, 'mulimisa', 'KAWONAWO STEVEN', 'M', 'KATWE BUTEGO', 'Masaka', 'MTN', '2013-12-04 17:18:41', '0000-00-00 00:00:00', 1),
(192, 51, 2, 752871484, 'mulimisa', 'KABUUZU MAULIZIO', 'M', 'KATWE BUTEGO', 'Masaka', 'MTN', '2013-12-04 17:18:41', '0000-00-00 00:00:00', 1),
(193, 51, 2, 704438286, 'mulimisa', 'KASIMAGGWA JUDITH', 'F', 'KATWE BUTEGO', 'Masaka', 'MTN', '2013-12-04 17:18:41', '0000-00-00 00:00:00', 1),
(194, 51, 2, 791276214, 'mulimisa', 'NABUKENYA JANE', 'F', 'KATWE BUTEGO', 'Masaka', 'MTN', '2013-12-04 17:18:41', '0000-00-00 00:00:00', 1),
(195, 51, 2, 773662299, 'mulimisa', 'NAKANWAGI LEORNIA', 'F', 'KATWE BUTEGO', 'Masaka', 'MTN', '2013-12-04 17:18:41', '0000-00-00 00:00:00', 1),
(196, 51, 2, 787592724, 'mulimisa', 'NALUMANSI MAULISIA', 'F', 'KATWE BUTEGO', 'Masaka', 'MTN', '2013-12-04 17:18:41', '0000-00-00 00:00:00', 1),
(197, 51, 2, 774127985, 'mulimisa', 'NAMUGGA  BEATRICE', 'F', 'KATWE BUTEGO', 'Masaka', 'MTN', '2013-12-04 17:18:41', '0000-00-00 00:00:00', 1),
(198, 51, 2, 753306683, 'mulimisa', 'SSEGIRINYA PADDY', 'M', 'KATWE BUTEGO', 'Masaka', 'MTN', '2013-12-04 17:18:41', '0000-00-00 00:00:00', 1),
(199, 51, 2, 776810420, 'mulimisa', 'BWOOGI RICHARD', 'M', 'KATWE BUTEGO', 'Masaka', 'MTN', '2013-12-04 17:18:41', '0000-00-00 00:00:00', 1),
(200, 51, 2, 759825020, 'mulimisa', 'SSEKITO SULAYINA', 'F', 'KATWE BUTEGO', 'Masaka', 'MTN', '2013-12-04 17:18:41', '0000-00-00 00:00:00', 1),
(201, 51, 2, 753472857, 'mulimisa', 'WANYANA JOWERIA', 'F', 'KATWE BUTEGO', 'Masaka', 'MTN', '2013-12-04 17:18:41', '0000-00-00 00:00:00', 1),
(202, 51, 2, 752637840, 'mulimisa', 'SSENABULYA SIMON PETER', 'M', 'KATWE BUTEGO', 'Masaka', 'MTN', '2013-12-04 17:18:41', '0000-00-00 00:00:00', 1),
(203, 51, 2, 777017095, 'mulimisa', 'BUSULWA GODFREY', 'M', 'KATWE BUTEGO', 'Masaka', 'MTN', '2013-12-04 17:18:41', '0000-00-00 00:00:00', 1),
(204, 51, 2, 701702474, 'mulimisa', 'NAKIBIRIGE IRYN', 'F', 'KATWE BUTEGO', 'Masaka', 'MTN', '2013-12-04 17:18:41', '0000-00-00 00:00:00', 1),
(205, 51, 2, 777160060, 'mulimisa', 'NAKABUBI ROBINAH', 'F', 'BUKAKATTA', 'Masaka', 'MTN', '2013-12-04 17:18:41', '0000-00-00 00:00:00', 1),
(206, 51, 2, 753940123, 'mulimisa', 'MUTYABA TEDDY', 'F', 'BUKAKATTA', 'Masaka', 'MTN', '2013-12-04 17:18:41', '0000-00-00 00:00:00', 1),
(207, 51, 2, 750820063, 'mulimisa', 'NAMAYANJA RUTH', 'F', 'BUKAKATTA', 'Masaka', 'MTN', '2013-12-04 17:18:41', '0000-00-00 00:00:00', 1),
(208, 51, 2, 754906116, 'mulimisa', 'NORAH LUKYAMUZI', 'F', 'BUKAKATTA', 'Masaka', 'MTN', '2013-12-04 17:18:41', '0000-00-00 00:00:00', 1),
(209, 51, 2, 753771662, 'mulimisa', 'LUKOWE MARY', 'F', 'BUKAKATTA', 'Masaka', 'MTN', '2013-12-04 17:18:41', '0000-00-00 00:00:00', 1),
(210, 51, 2, 758119867, 'mulimisa', 'DAMBYA MERABU', 'F', 'BUKAKATTA', 'Masaka', 'MTN', '2013-12-04 17:18:41', '0000-00-00 00:00:00', 1),
(211, 51, 2, 752397606, 'mulimisa', 'NAMAGANDA SYRWIN ', 'F', 'BUKAKATTA', 'Masaka', 'MTN', '2013-12-04 17:18:41', '0000-00-00 00:00:00', 1),
(212, 51, 2, 755578404, 'mulimisa', 'MATOVU JANAT', 'F', 'BUKAKATTA', 'Masaka', 'MTN', '2013-12-04 17:18:41', '0000-00-00 00:00:00', 1),
(213, 51, 2, 758401, 'mulimisa', 'NAJJEMBA JOSEPHINE', 'F', 'KYESIIGA', 'Masaka', 'MTN', '2013-12-04 17:18:41', '0000-00-00 00:00:00', 1),
(214, 51, 2, 701665464, 'mulimisa', 'NAMPEMBE MARY PROSSY', 'F', 'KYESIIGA', 'Masaka', 'MTN', '2013-12-04 17:18:41', '0000-00-00 00:00:00', 1),
(215, 51, 2, 702435373, 'mulimisa', 'KABATOORO JOLLY', 'F', 'KYESIIGA', 'Masaka', 'MTN', '2013-12-04 17:18:41', '0000-00-00 00:00:00', 1),
(216, 51, 2, 772682928, 'mulimisa', 'KIGUNDU MUSA', 'M', 'KYESIIGA', 'Masaka', 'MTN', '2013-12-04 17:18:41', '0000-00-00 00:00:00', 1),
(217, 51, 2, 757400803, 'mulimisa', 'NALUBEGA FORTUNATE', 'F', 'KYESIIGA', 'Masaka', 'MTN', '2013-12-04 17:18:41', '0000-00-00 00:00:00', 1),
(218, 51, 2, 757793022, 'mulimisa', 'NAAGAWA MARIA', 'F', 'KYESIIGA', 'Masaka', 'MTN', '2013-12-04 17:18:41', '0000-00-00 00:00:00', 1),
(219, 51, 2, 2147483647, 'mulimisa', 'KYEYUNE VICENT', 'M', 'KYESIIGA', 'Masaka', 'MTN', '2013-12-04 17:18:41', '0000-00-00 00:00:00', 1),
(220, 51, 2, 754976228, 'mulimisa', 'SSEMPIJA  MAURICE', 'F', 'KYESIIGA', 'Masaka', 'MTN', '2013-12-04 17:18:41', '0000-00-00 00:00:00', 1),
(221, 51, 2, 759856472, 'mulimisa', 'KASASA YASIN', 'M', 'KYESIIGA', 'Masaka', 'MTN', '2013-12-04 17:18:41', '0000-00-00 00:00:00', 1),
(222, 51, 2, 701027137, 'mulimisa', 'MUBIRU VICENT', 'M', 'KYESIIGA', 'Masaka', 'MTN', '2013-12-04 17:18:41', '0000-00-00 00:00:00', 1),
(223, 51, 2, 703192339, 'mulimisa', 'SSEMAGANDA EMMA', 'M', 'KYESIIGA', 'Masaka', 'MTN', '2013-12-04 17:18:41', '0000-00-00 00:00:00', 1),
(224, 51, 2, 774223460, 'mulimisa', 'LUKUBUYA JONATHAN', 'M', 'KYESIIGA', 'Masaka', 'MTN', '2013-12-04 17:18:41', '0000-00-00 00:00:00', 1),
(225, 51, 2, 781326214, 'mulimisa', 'SSENYONGA EDWARD', 'M', 'KYESIIGA', 'Masaka', 'MTN', '2013-12-04 17:18:41', '0000-00-00 00:00:00', 1),
(226, 51, 2, 702475838, 'mulimisa', 'BISABA JEROME', 'M', 'KYESIIGA', 'Masaka', 'MTN', '2013-12-04 17:18:41', '0000-00-00 00:00:00', 1),
(227, 51, 2, 782157090, 'mulimisa', 'KIZZA EDWARD', 'M', 'KYESIIGA', 'Masaka', 'MTN', '2013-12-04 17:18:41', '0000-00-00 00:00:00', 1),
(228, 51, 2, 773269943, 'mulimisa', 'SSALI JEROME', 'M', 'KYESIIGA', 'Masaka', 'MTN', '2013-12-04 17:18:41', '0000-00-00 00:00:00', 1),
(229, 51, 2, 701920191, 'mulimisa', 'KABUGO GEOFREY', 'M', 'KYESIIGA', 'Masaka', 'MTN', '2013-12-04 17:18:41', '0000-00-00 00:00:00', 1),
(230, 51, 2, 702095152, 'mulimisa', 'NABAYINDA HARRIET', 'F', 'KYESIIGA', 'Masaka', 'MTN', '2013-12-04 17:18:41', '0000-00-00 00:00:00', 1),
(231, 51, 2, 778050960, 'mulimisa', 'NAMUGEMA KASIFA', 'F', 'KYESIIGA', 'Masaka', 'MTN', '2013-12-04 17:18:41', '0000-00-00 00:00:00', 1),
(232, 51, 2, 753268070, 'mulimisa', 'NAMABIRU MADINA', 'F', 'KYESIIGA', 'Masaka', 'MTN', '2013-12-04 17:18:41', '0000-00-00 00:00:00', 1),
(233, 51, 2, 779914929, 'mulimisa', 'SSERWADA SULAIMAN', 'M', 'KYESIIGA', 'Masaka', 'MTN', '2013-12-04 17:18:41', '0000-00-00 00:00:00', 1),
(234, 51, 2, 773104204, 'mulimisa', 'KAKOOZA ELIA PAUL', 'M', 'KYESIIGA', 'Masaka', 'MTN', '2013-12-04 17:18:41', '0000-00-00 00:00:00', 1),
(235, 51, 2, 702223100, 'mulimisa', 'NALUKWAGO ', 'F', 'KYESIIGA', 'Masaka', 'MTN', '2013-12-04 17:18:41', '0000-00-00 00:00:00', 1),
(236, 51, 2, 759505315, 'mulimisa', 'NAMUKASA BETTY', 'F', 'KYESIIGA', 'Masaka', 'MTN', '2013-12-04 17:18:41', '0000-00-00 00:00:00', 1),
(237, 51, 2, 703778945, 'mulimisa', 'NANYOMBI TEO', 'F', 'KYESIIGA', 'Masaka', 'MTN', '2013-12-04 17:18:41', '0000-00-00 00:00:00', 1),
(238, 51, 2, 783723258, 'mulimisa', 'NALIWEKE', 'F', 'KYESIIGA', 'Masaka', 'MTN', '2013-12-04 17:18:41', '0000-00-00 00:00:00', 1),
(239, 51, 2, 752213965, 'mulimisa', 'LUYINDA CHARLIS', 'M', 'KYESIIGA', 'Masaka', 'MTN', '2013-12-04 17:18:41', '0000-00-00 00:00:00', 1),
(240, 51, 2, 756606282, 'mulimisa', 'MAKAYI LUCIA', 'F', 'KYESIIGA', 'Masaka', 'MTN', '2013-12-04 17:18:41', '0000-00-00 00:00:00', 1),
(241, 51, 2, 703143847, 'mulimisa', 'NAJJUMBA SAUDA', 'F', 'KYESIIGA', 'Masaka', 'MTN', '2013-12-04 17:18:41', '0000-00-00 00:00:00', 1),
(242, 51, 2, 774831109, 'mulimisa', 'MWANJE VICENT', 'M', 'KYESIIGA', 'Masaka', 'MTN', '2013-12-04 17:18:41', '0000-00-00 00:00:00', 1),
(243, 51, 2, 756634153, 'mulimisa', 'NANTALE RUTH', 'F', 'KYESIIGA', 'Masaka', 'MTN', '2013-12-04 17:18:41', '0000-00-00 00:00:00', 1),
(244, 51, 2, 755421223, 'mulimisa', 'NAMATA FLORENCE', 'F', 'KYESIIGA', 'Masaka', 'MTN', '2013-12-04 17:18:41', '0000-00-00 00:00:00', 1),
(245, 51, 2, 759191898, 'mulimisa', 'SSEGILWINYA PASTORI', 'M', 'KYESIIGA', 'Masaka', 'MTN', '2013-12-04 17:18:41', '0000-00-00 00:00:00', 1),
(246, 51, 2, 773145341, 'mulimisa', 'SSENYONGA JOSEPH', 'M', 'KYESIIGA', 'Masaka', 'MTN', '2013-12-04 17:18:41', '0000-00-00 00:00:00', 1),
(247, 51, 2, 703267598, 'mulimisa', 'KAKOOZA JOHN', 'M', 'KYESIIGA', 'Masaka', 'MTN', '2013-12-04 17:18:41', '0000-00-00 00:00:00', 1),
(248, 51, 2, 779898647, 'mulimisa', 'NYAMUGABO SAM', 'M', 'KYESIIGA', 'Masaka', 'MTN', '2013-12-04 17:18:41', '0000-00-00 00:00:00', 1),
(249, 51, 2, 778398178, 'mulimisa', 'Magandazi Frares', 'M', 'MUKUNGWE', 'Masaka', 'MTN', '2013-12-04 17:18:41', '0000-00-00 00:00:00', 1),
(250, 51, 2, 756120328, 'mulimisa', 'Kisseka Geofry', 'M', 'MUKUNGWE', 'Masaka', 'MTN', '2013-12-04 17:18:41', '0000-00-00 00:00:00', 1),
(251, 51, 2, 773054813, 'mulimisa', 'Nakayiwa Palaska', 'F', 'MUKUNGWE', 'Masaka', 'MTN', '2013-12-04 17:18:41', '0000-00-00 00:00:00', 1),
(252, 51, 2, 754078200, 'mulimisa', 'Yiga Edward', 'M', 'MUKUNGWE', 'Masaka', 'MTN', '2013-12-04 17:18:41', '0000-00-00 00:00:00', 1),
(253, 51, 2, 751009481, 'mulimisa', 'Ziwa Joseph', 'M', 'MUKUNGWE', 'Masaka', 'MTN', '2013-12-04 17:18:41', '0000-00-00 00:00:00', 1),
(254, 51, 2, 773156152, 'mulimisa', 'Nalongo Musoke', 'M', 'MUKUNGWE', 'Masaka', 'MTN', '2013-12-04 17:18:41', '0000-00-00 00:00:00', 1),
(255, 51, 2, 778695661, 'mulimisa', 'Nakitto Jascent', 'F', 'MUKUNGWE', 'Masaka', 'MTN', '2013-12-04 17:18:41', '0000-00-00 00:00:00', 1),
(256, 51, 2, 756119939, 'mulimisa', 'Ganyana Mary', 'F', 'MUKUNGWE', 'Masaka', 'MTN', '2013-12-04 17:18:41', '0000-00-00 00:00:00', 1),
(257, 51, 2, 782680274, 'mulimisa', 'Annet kabuzire', 'F', 'MUKUNGWE', 'Masaka', 'MTN', '2013-12-04 17:18:41', '0000-00-00 00:00:00', 1),
(258, 51, 2, 788458095, 'mulimisa', 'Naluyima Annet', 'F', 'MUKUNGWE', 'Masaka', 'MTN', '2013-12-04 17:18:41', '0000-00-00 00:00:00', 1),
(259, 51, 2, 750408812, 'mulimisa', 'Nabunya Mariam', 'F', 'MUKUNGWE', 'Masaka', 'MTN', '2013-12-04 17:18:41', '0000-00-00 00:00:00', 1),
(260, 51, 2, 758418343, 'mulimisa', 'Musafiri Abdrahaman', 'F', 'MUKUNGWE', 'Masaka', 'MTN', '2013-12-04 17:18:41', '0000-00-00 00:00:00', 1),
(261, 51, 2, 782210881, 'mulimisa', 'Nakandi Edith', 'F', 'MUKUNGWE', 'Masaka', 'MTN', '2013-12-04 17:18:41', '0000-00-00 00:00:00', 1),
(262, 51, 2, 754259051, 'mulimisa', 'Ssemugenyi Atanansio', 'F', 'MUKUNGWE', 'Masaka', 'MTN', '2013-12-04 17:18:41', '0000-00-00 00:00:00', 1),
(263, 51, 2, 775735517, 'mulimisa', 'Nabwami Alice', 'F', 'MUKUNGWE', 'Masaka', 'MTN', '2013-12-04 17:18:41', '0000-00-00 00:00:00', 1),
(264, 51, 2, 783866275, 'mulimisa', 'Namalwa Mary', 'F', 'MUKUNGWE', 'Masaka', 'MTN', '2013-12-04 17:18:41', '0000-00-00 00:00:00', 1),
(265, 51, 2, 752437829, 'mulimisa', 'Najjinda Regina', 'F', 'MUKUNGWE', 'Masaka', 'MTN', '2013-12-04 17:18:41', '0000-00-00 00:00:00', 1),
(266, 51, 2, 774151863, 'mulimisa', 'Bukenya James', 'M', 'MUKUNGWE', 'Masaka', 'MTN', '2013-12-04 17:18:41', '0000-00-00 00:00:00', 1),
(267, 51, 2, 784144144, 'mulimisa', 'Nantume Rukia', 'F', 'MUKUNGWE', 'Masaka', 'MTN', '2013-12-04 17:18:41', '0000-00-00 00:00:00', 1),
(268, 51, 2, 789491277, 'mulimisa', 'Namboonze Nusura', 'F', 'MUKUNGWE', 'Masaka', 'MTN', '2013-12-04 17:18:41', '0000-00-00 00:00:00', 1),
(269, 51, 2, 754401550, 'mulimisa', 'Nakawungu Phionah', 'F', 'MUKUNGWE', 'Masaka', 'MTN', '2013-12-04 17:18:41', '0000-00-00 00:00:00', 1),
(270, 51, 2, 776134631, 'mulimisa', 'Nalubega Masitura', 'F', 'MUKUNGWE', 'Masaka', 'MTN', '2013-12-04 17:18:41', '0000-00-00 00:00:00', 1),
(271, 51, 2, 754840090, 'mulimisa', 'Fresiter Ndaula', 'F', 'MUKUNGWE', 'Masaka', 'MTN', '2013-12-04 17:18:41', '0000-00-00 00:00:00', 1),
(272, 51, 2, 784753503, 'mulimisa', 'Nakyeyune Eva', 'F', 'MUKUNGWE', 'Masaka', 'MTN', '2013-12-04 17:18:41', '0000-00-00 00:00:00', 1),
(273, 51, 2, 782639938, 'mulimisa', 'Francis katto', 'M', 'MUKUNGWE', 'Masaka', 'MTN', '2013-12-04 17:18:41', '0000-00-00 00:00:00', 1),
(274, 51, 2, 751724686, 'mulimisa', 'Kibira Marion', 'F', 'MUKUNGWE', 'Masaka', 'MTN', '2013-12-04 17:18:41', '0000-00-00 00:00:00', 1),
(275, 51, 2, 775630540, 'mulimisa', 'Byekwaso Faridah', 'F', 'MUKUNGWE', 'Masaka', 'MTN', '2013-12-04 17:18:41', '0000-00-00 00:00:00', 1),
(276, 51, 2, 751984342, 'mulimisa', 'Nanono harimah', 'F', 'MUKUNGWE', 'Masaka', 'MTN', '2013-12-04 17:18:41', '0000-00-00 00:00:00', 1),
(277, 51, 2, 755007916, 'mulimisa', 'nalwada Harimah', 'F', 'MUKUNGWE', 'Masaka', 'MTN', '2013-12-04 17:18:41', '0000-00-00 00:00:00', 1),
(278, 51, 2, 775844139, 'mulimisa', 'Nagawa Magrete', 'F', 'MUKUNGWE', 'Masaka', 'MTN', '2013-12-04 17:18:41', '0000-00-00 00:00:00', 1),
(279, 51, 2, 753355755, 'mulimisa', 'Lugemwa Abud', 'M', 'MUKUNGWE', 'Masaka', 'MTN', '2013-12-04 17:18:41', '0000-00-00 00:00:00', 1),
(280, 51, 2, 754134630, 'mulimisa', 'Matovu Twaha', 'M', 'MUKUNGWE', 'Masaka', 'MTN', '2013-12-04 17:18:41', '0000-00-00 00:00:00', 1),
(281, 51, 2, 782694385, 'mulimisa', 'Mwesigwa Faridah', 'F', 'MUKUNGWE', 'Masaka', 'MTN', '2013-12-04 17:18:41', '0000-00-00 00:00:00', 1),
(282, 51, 2, 775340482, 'mulimisa', 'Nalwoga vivian', 'F', 'MUKUNGWE', 'Masaka', 'MTN', '2013-12-04 17:18:41', '0000-00-00 00:00:00', 1),
(283, 51, 2, 754825973, 'mulimisa', 'Nakafuma Joweria', 'F', 'MUKUNGWE', 'Masaka', 'MTN', '2013-12-04 17:18:41', '0000-00-00 00:00:00', 1),
(284, 51, 2, 753815139, 'mulimisa', 'Nassazi Betty', 'F', 'MUKUNGWE', 'Masaka', 'MTN', '2013-12-04 17:18:41', '0000-00-00 00:00:00', 1),
(285, 51, 2, 775473243, 'mulimisa', 'Mwanje Francis', 'M', 'MUKUNGWE', 'Masaka', 'MTN', '2013-12-04 17:18:41', '0000-00-00 00:00:00', 1),
(286, 51, 2, 774030519, 'mulimisa', 'Kiyembe G', 'M', 'MUKUNGWE', 'Masaka', 'MTN', '2013-12-04 17:18:41', '0000-00-00 00:00:00', 1),
(287, 51, 2, 753273245, 'mulimisa', 'Namagembe Eva', 'F', 'MUKUNGWE', 'Masaka', 'MTN', '2013-12-04 17:18:41', '0000-00-00 00:00:00', 1),
(288, 51, 2, 755192369, 'mulimisa', 'Namatovu Teo', 'F', 'MUKUNGWE', 'Masaka', 'MTN', '2013-12-04 17:18:41', '0000-00-00 00:00:00', 1),
(289, 51, 2, 777027122, 'mulimisa', 'Namusoke Mariam', 'F', 'MUKUNGWE', 'Masaka', 'MTN', '2013-12-04 17:18:41', '0000-00-00 00:00:00', 1),
(290, 51, 2, 759948303, 'mulimisa', 'Tendo Maria', 'F', 'MUKUNGWE', 'Masaka', 'MTN', '2013-12-04 17:18:41', '0000-00-00 00:00:00', 1),
(291, 51, 2, 775596694, 'mulimisa', 'Kazibwe Aisha', 'F', 'MUKUNGWE', 'Masaka', 'MTN', '2013-12-04 17:18:41', '0000-00-00 00:00:00', 1),
(292, 51, 2, 702097891, 'mulimisa', 'Miiro Hassan', 'M', '', 'Masaka', 'MTN', '2013-12-04 17:18:41', '0000-00-00 00:00:00', 1),
(293, 51, 2, 756632404, 'mulimisa', 'Nakimbugwe Hellen', 'F', 'Mukungwe ', 'Masaka', 'MTN', '2013-12-04 17:18:41', '0000-00-00 00:00:00', 1),
(294, 51, 2, 777073615, 'mulimisa', 'Muluya Josphine', 'F', 'Masaka', 'Masaka', 'MTN', '2013-12-04 17:18:41', '0000-00-00 00:00:00', 1),
(295, 51, 2, 772657507, 'mulimisa', 'Kimera Leonard ', 'M', 'Bukomansimbi', 'Masaka', 'MTN', '2013-12-04 17:18:41', '0000-00-00 00:00:00', 1),
(296, 51, 2, 702484, 'mulimisa', 'Mubyazalwa Edward ', 'M', 'Kingo', 'Masaka', 'MTN', '2013-12-04 17:18:41', '0000-00-00 00:00:00', 1),
(297, 51, 2, 782910615, 'mulimisa', 'Ssentongo Robert ', 'M', 'Kyamulibwa', 'Masaka', 'MTN', '2013-12-04 17:18:41', '0000-00-00 00:00:00', 1),
(298, 51, 2, 757839470, 'mulimisa', 'Mbabaali Simon Peter ', 'M', 'Kyamulibwa', 'Masaka', 'MTN', '2013-12-04 17:18:41', '0000-00-00 00:00:00', 1),
(299, 51, 2, 752574355, 'mulimisa', 'Ayine Kereb', 'F', 'Mukungwe ', 'Masaka', 'MTN', '2013-12-04 17:18:41', '0000-00-00 00:00:00', 1),
(300, 51, 2, 754807247, 'mulimisa', 'Nantalo Grace ', 'F', 'Kaliro', 'Masaka', 'MTN', '2013-12-04 17:18:41', '0000-00-00 00:00:00', 1),
(301, 51, 2, 782370765, 'mulimisa', 'Kagga Badm', 'M', 'Masaka', 'Masaka', 'MTN', '2013-12-04 17:18:41', '0000-00-00 00:00:00', 1),
(302, 51, 2, 776811450, 'mulimisa', 'Bamulanze C', 'M', 'Masaka', 'Masaka', 'MTN', '2013-12-04 17:18:41', '0000-00-00 00:00:00', 1),
(303, 51, 2, 773426600, 'mulimisa', 'Kuteesa Ritah ', 'F', 'Masaka', 'Masaka', 'MTN', '2013-12-04 17:18:41', '0000-00-00 00:00:00', 1),
(304, 51, 2, 782300278, 'mulimisa', 'Nayabahika Elias', 'M', 'Lyantonde', 'Masaka', 'MTN', '2013-12-04 17:18:41', '0000-00-00 00:00:00', 1),
(305, 51, 2, 2147483647, 'mulimisa', 'Kayijja Fatuma ', 'F', 'Mukungwe ', 'Masaka', 'MTN', '2013-12-04 17:18:41', '0000-00-00 00:00:00', 1),
(306, 51, 2, 77518455, 'mulimisa', 'Lukyamuzi David ', 'M', 'Mukungwe', 'Masaka', 'MTN', '2013-12-04 17:18:41', '0000-00-00 00:00:00', 1),
(307, 51, 2, 772328646, 'mulimisa', 'Kyomukaama Betty ', 'F', 'Mukungwe', 'Masaka', 'MTN', '2013-12-04 17:18:41', '0000-00-00 00:00:00', 1),
(308, 51, 2, 781506728, 'mulimisa', 'Mbaziira Mary ', 'F', 'Mukungwe ', 'Masaka', 'MTN', '2013-12-04 17:18:41', '0000-00-00 00:00:00', 1),
(309, 51, 2, 753834246, 'mulimisa', 'Prossy Ssentongo ', 'F', 'Mukungwe', 'Masaka', 'MTN', '2013-12-04 17:18:41', '0000-00-00 00:00:00', 1),
(310, 51, 2, 775463202, 'mulimisa', 'Mutete Jonath ', 'F', 'Mukungwe', 'Masaka', 'MTN', '2013-12-04 17:18:41', '0000-00-00 00:00:00', 1),
(311, 51, 2, 776816200, 'mulimisa', 'Aliguma Resty', 'F', 'Mukungwe', 'Masaka', 'MTN', '2013-12-04 17:18:41', '0000-00-00 00:00:00', 1),
(312, 51, 2, 77212228, 'mulimisa', 'Yiga L.', 'M', 'Mukungwe', 'Masaka', 'MTN', '2013-12-04 17:18:41', '0000-00-00 00:00:00', 1),
(313, 51, 2, 75476230, 'mulimisa', 'Nabuwufu S.', 'F', 'Mukungwe ', 'Masaka', 'MTN', '2013-12-04 17:18:41', '0000-00-00 00:00:00', 1),
(314, 51, 2, 758606005, 'mulimisa', 'Nassolo Resty ', 'F', 'Mukungwe', 'Masaka', 'MTN', '2013-12-04 17:18:41', '0000-00-00 00:00:00', 1),
(315, 51, 2, 753137151, 'mulimisa', 'Kalweese W.', 'M', 'Mukungwe', 'Masaka', 'MTN', '2013-12-04 17:18:41', '0000-00-00 00:00:00', 1),
(316, 51, 2, 788880360, 'mulimisa', 'Nnalongo Ssenyonga ', 'M', 'Mukungwe ', 'Masaka', 'MTN', '2013-12-04 17:18:41', '0000-00-00 00:00:00', 1),
(317, 51, 2, 756294331, 'mulimisa', 'Nakaya Fatuma ', 'F', 'Mukungwe', 'Masaka', 'MTN', '2013-12-04 17:18:41', '0000-00-00 00:00:00', 1),
(318, 51, 2, 756037930, 'mulimisa', 'Luyima Joseph ', 'M', 'Mukungwe ', 'Masaka', 'MTN', '2013-12-04 17:18:41', '0000-00-00 00:00:00', 1),
(319, 51, 2, 753509781, 'mulimisa', 'Namukasa Benittar ', 'F', 'Mukungwe', 'Masaka', 'MTN', '2013-12-04 17:18:41', '0000-00-00 00:00:00', 1),
(320, 51, 2, 2147483647, 'mulimisa', 'Nabunya Florence ', 'F', 'Mukungwe', 'Masaka', 'MTN', '2013-12-04 17:18:41', '0000-00-00 00:00:00', 1),
(321, 51, 2, 751985038, 'mulimisa', 'Resty Galiwango ', 'F', 'Mukungwe ', 'Masaka', 'MTN', '2013-12-04 17:18:41', '0000-00-00 00:00:00', 1),
(322, 51, 2, 752510945, 'mulimisa', 'Goloba P. ', 'F', 'Mukungwe', 'Masaka', 'MTN', '2013-12-04 17:18:41', '0000-00-00 00:00:00', 1),
(323, 51, 2, 757418318, 'mulimisa', 'Namakula Evelyn ', 'F', 'Mukungwe', 'Masaka', 'MTN', '2013-12-04 17:18:41', '0000-00-00 00:00:00', 1),
(324, 51, 2, 752375275, 'mulimisa', 'Gwayambadde M. ', 'M', 'Mukungwe ', 'Masaka', 'MTN', '2013-12-04 17:18:41', '0000-00-00 00:00:00', 1),
(325, 51, 2, 753600834, 'mulimisa', 'Lutaaya Experito', 'M', 'Mukungwe', 'Masaka', 'MTN', '2013-12-04 17:18:41', '0000-00-00 00:00:00', 1),
(326, 51, 2, 751862177, 'mulimisa', 'Lukyamuzi Dalansi', 'M', '', 'Masaka', 'MTN', '2013-12-04 17:18:41', '0000-00-00 00:00:00', 1),
(327, 51, 2, 754477761, 'mulimisa', 'Kintu J. Bosee', 'M', 'Mukungwe', 'Masaka', 'MTN', '2013-12-04 17:18:41', '0000-00-00 00:00:00', 1),
(328, 51, 2, 757333689, 'mulimisa', 'Nakiyimbe Hawa', 'F', 'Mukungwe ', 'Masaka', 'MTN', '2013-12-04 17:18:41', '0000-00-00 00:00:00', 1),
(329, 51, 2, 751405502, 'mulimisa', 'Tamale Isaac', 'M', 'Mukungwe', 'Masaka', 'MTN', '2013-12-04 17:18:41', '0000-00-00 00:00:00', 1),
(330, 51, 2, 752315823, 'mulimisa', 'Ssemanda John ', 'M', 'Mukungwe', 'Masaka', 'MTN', '2013-12-04 17:18:41', '0000-00-00 00:00:00', 1),
(331, 51, 2, 759590733, 'mulimisa', 'Nazziwa', 'F', 'Mukungwe ', 'Masaka', 'MTN', '2013-12-04 17:18:41', '0000-00-00 00:00:00', 1),
(332, 51, 2, 2147483647, 'mulimisa', 'Luyimbazi R. ', 'F', 'Mukungwe', 'Masaka', 'MTN', '2013-12-04 17:18:41', '0000-00-00 00:00:00', 1),
(333, 51, 2, 779383710, 'mulimisa', 'Bakulu Mpagi George ', 'M', 'Mukungwe', 'Masaka', 'MTN', '2013-12-04 17:18:41', '0000-00-00 00:00:00', 1),
(334, 51, 2, 757389995, 'mulimisa', 'Kasumba A.', 'M', 'Mukungwe', 'Masaka', 'MTN', '2013-12-04 17:18:41', '0000-00-00 00:00:00', 1),
(335, 51, 2, 755218114, 'mulimisa', 'Nanzi ', 'F', 'Mukungwe ', 'Masaka', 'MTN', '2013-12-04 17:18:41', '0000-00-00 00:00:00', 1),
(336, 51, 2, 758592626, 'mulimisa', 'Kasujja John ', 'M', '', 'Masaka', 'MTN', '2013-12-04 17:18:41', '0000-00-00 00:00:00', 1),
(337, 51, 2, 751756374, 'mulimisa', 'Buluhahi M.', 'F', 'Mukungwe', 'Masaka', 'MTN', '2013-12-04 17:18:41', '0000-00-00 00:00:00', 1),
(338, 51, 2, 772555433, 'mulimisa', 'Nnalongo Margret ', 'F', 'Mukungwe ', 'Masaka', 'MTN', '2013-12-04 17:18:41', '0000-00-00 00:00:00', 1),
(339, 51, 2, 753416365, 'mulimisa', 'Christine Ddamulira ', 'F', 'Mukungwe', 'Masaka', 'MTN', '2013-12-04 17:18:41', '0000-00-00 00:00:00', 1),
(340, 51, 2, 753947186, 'mulimisa', 'Yiga Rashid ', 'M', 'Mukungwe', 'Masaka', 'MTN', '2013-12-04 17:18:41', '0000-00-00 00:00:00', 1),
(341, 51, 2, 785174943, 'mulimisa', 'Nalwoga Megar ', 'M', 'Mukungwe', 'Masaka', 'MTN', '2013-12-04 17:18:41', '0000-00-00 00:00:00', 1),
(342, 51, 2, 775307677, 'mulimisa', 'Nakalema R. ', 'F', 'Mukungwe ', 'Masaka', 'MTN', '2013-12-04 17:18:41', '0000-00-00 00:00:00', 1),
(343, 51, 2, 759322756, 'mulimisa', 'Kiyimba Godfrey ', 'M', 'Mukungwe', 'Masaka', 'MTN', '2013-12-04 17:18:41', '0000-00-00 00:00:00', 1),
(344, 51, 2, 774343133, 'mulimisa', 'Ssemakula Livingstone ', 'M', 'Mukungwe', 'Masaka', 'MTN', '2013-12-04 17:18:41', '0000-00-00 00:00:00', 1),
(345, 51, 2, 775571644, 'mulimisa', 'Matovu Edward ', 'M', 'Mukungwe ', 'Masaka', 'MTN', '2013-12-04 17:18:41', '0000-00-00 00:00:00', 1),
(346, 51, 2, 762397606, 'mulimisa', 'Muyimba Charles ', 'M', 'Mukungwe', 'Masaka', 'MTN', '2013-12-04 17:18:41', '0000-00-00 00:00:00', 1),
(347, 51, 2, 757371993, 'mulimisa', 'Ssembatya Nuludini ', 'M', 'Mukungwe', 'Masaka', 'MTN', '2013-12-04 17:18:41', '0000-00-00 00:00:00', 1),
(348, 51, 2, 756416272, 'mulimisa', 'Kasongolo Hassan ', 'M', 'Mukungwe', 'Masaka', 'MTN', '2013-12-04 17:18:41', '0000-00-00 00:00:00', 1),
(349, 51, 2, 753013022, 'mulimisa', 'Ssemwanga Abudallah ', 'M', 'Mukungwe', 'Masaka', 'MTN', '2013-12-04 17:18:41', '0000-00-00 00:00:00', 1),
(350, 51, 2, 751369963, 'mulimisa', 'Ssenkangi B. ', 'M', 'Mukungwe ', 'Masaka', 'MTN', '2013-12-04 17:18:41', '0000-00-00 00:00:00', 1),
(351, 51, 2, 751665861, 'mulimisa', 'Kaweesi John ', 'M', 'Mukungwe', 'Masaka', 'MTN', '2013-12-04 17:18:41', '0000-00-00 00:00:00', 1),
(352, 51, 2, 756323141, 'mulimisa', 'Kalimba Elimma ', 'M', 'Mukungwe', 'Masaka', 'MTN', '2013-12-04 17:18:41', '0000-00-00 00:00:00', 1),
(353, 51, 2, 77676882, 'mulimisa', 'Namuganga N. ', 'F', 'Mukungwe ', 'Masaka', 'MTN', '2013-12-04 17:18:41', '0000-00-00 00:00:00', 1),
(354, 51, 2, 757813311, 'mulimisa', 'Nansubuga Janati ', 'F', 'Mukungwe', 'Masaka', 'MTN', '2013-12-04 17:18:41', '0000-00-00 00:00:00', 1),
(355, 51, 2, 783719916, 'mulimisa', 'Nakyejwe Prisca ', 'F', 'Mukungwe ', 'Masaka', 'MTN', '2013-12-04 17:18:41', '0000-00-00 00:00:00', 1),
(356, 51, 2, 754123092, 'mulimisa', 'Calon Mbwembwe ', 'F', 'Mukungwe', 'Masaka', 'MTN', '2013-12-04 17:18:41', '0000-00-00 00:00:00', 1),
(357, 51, 2, 757441212, 'mulimisa', 'Namazzi Jesca ', 'F', 'Mukungwe', 'Masaka', 'MTN', '2013-12-04 17:18:41', '0000-00-00 00:00:00', 1),
(358, 51, 2, 789605531, 'mulimisa', 'Mulindwa Regina ', 'F', 'Mukungwe', 'Masaka', 'MTN', '2013-12-04 17:18:41', '0000-00-00 00:00:00', 1),
(359, 51, 2, 773143326, 'mulimisa', 'Jjumba Emmanuel', 'M', 'Mukungwe ', 'Masaka', 'MTN', '2013-12-04 17:18:41', '0000-00-00 00:00:00', 1),
(360, 51, 2, 772557325, 'mulimisa', 'Kivumbi Lawrence ', 'M', 'Mukungwe', 'Masaka', 'MTN', '2013-12-04 17:18:41', '0000-00-00 00:00:00', 1);
INSERT INTO `farms_records` (`farmers_id`, `cat_id`, `author_id`, `tel_no`, `keyword`, `names`, `gender`, `sub`, `district`, `network`, `date_submitted`, `date_modified`, `view_all`) VALUES
(361, 51, 2, 757389719, 'mulimisa', 'Nansamba Helina', 'F', 'Mukungwe', 'Masaka', 'MTN', '2013-12-04 17:18:41', '0000-00-00 00:00:00', 1),
(362, 51, 2, 773804825, 'mulimisa', 'Nalubega Ien ', 'F', 'Mukungwe ', 'Masaka', 'MTN', '2013-12-04 17:18:41', '0000-00-00 00:00:00', 1),
(363, 51, 2, 754358360, 'mulimisa', 'Kiyingi Mary ', 'F', 'Mukungwe', 'Masaka', 'MTN', '2013-12-04 17:18:41', '0000-00-00 00:00:00', 1),
(364, 51, 2, 754636729, 'mulimisa', 'Namatovu Doreen ', 'F', 'Mukungwe', 'Masaka', 'MTN', '2013-12-04 17:18:41', '0000-00-00 00:00:00', 1),
(365, 51, 2, 781974142, 'mulimisa', 'S. Kalema ', 'F', 'Mukungwe ', 'Masaka', 'MTN', '2013-12-04 17:18:41', '0000-00-00 00:00:00', 1),
(366, 51, 2, 754531601, 'mulimisa', 'Nabibugga Hafisa ', 'F', 'Mukungwe', 'Masaka', 'MTN', '2013-12-04 17:18:41', '0000-00-00 00:00:00', 1),
(367, 51, 2, 750736838, 'mulimisa', 'Nakayiki Gorrete', 'F', 'Mukungwe', 'Masaka', 'MTN', '2013-12-04 17:18:41', '0000-00-00 00:00:00', 1),
(368, 51, 2, 759860747, 'mulimisa', 'Nabunya Vero ', 'F', 'Mukungwe ', 'Masaka', 'MTN', '2013-12-04 17:18:41', '0000-00-00 00:00:00', 1),
(369, 51, 2, 702047744, 'mulimisa', ' HENRY', 'M', 'Mukungwe', 'Masaka', 'MTN', '2013-12-04 17:18:41', '0000-00-00 00:00:00', 1),
(370, 51, 2, 782170222, 'mulimisa', ' Musisis Frank', 'M', 'Mukungwe', 'Masaka', 'MTN', '2013-12-04 17:18:41', '0000-00-00 00:00:00', 1),
(371, 51, 2, 772980936, 'mulimisa', ' SSENTUWA JAMES', 'M', 'Mukungwe', 'Masaka', 'MTN', '2013-12-04 17:18:41', '0000-00-00 00:00:00', 1),
(372, 51, 2, 774519314, 'mulimisa', ' EVA MUWONGE', 'F', 'Mukungwe', 'Masaka', 'MTN', '2013-12-04 17:18:41', '0000-00-00 00:00:00', 1),
(373, 51, 2, 779799045, 'mulimisa', ' Mpoza John', 'M', 'Mukungwe', 'Masaka', 'MTN', '2013-12-04 17:18:41', '0000-00-00 00:00:00', 1),
(374, 51, 2, 772664098, 'mulimisa', ' kalule david', 'M', 'Mukungwe', 'Masaka', 'MTN', '2013-12-04 17:18:41', '0000-00-00 00:00:00', 1),
(375, 51, 2, 783578630, 'mulimisa', ' Nakyejwe Rebecca', 'F', 'Mukungwe', 'Masaka', 'MTN', '2013-12-04 17:18:41', '0000-00-00 00:00:00', 1),
(376, 51, 2, 774260474, 'mulimisa', ' James Basudde', 'M', 'Mukungwe', 'Masaka', 'MTN', '2013-12-04 17:18:41', '0000-00-00 00:00:00', 1),
(377, 51, 2, 784838436, 'mulimisa', ' frances kalema', 'M', 'Mukungwe', 'Masaka', 'MTN', '2013-12-04 17:18:41', '0000-00-00 00:00:00', 1),
(378, 51, 2, 700531646, 'mulimisa', ' NAKAFEERO  BETTY', 'F', 'Mukungwe', 'Masaka', 'MTN', '2013-12-04 17:18:41', '0000-00-00 00:00:00', 1),
(379, 51, 2, 775327078, 'mulimisa', ' Geofrey Matovu', 'M', 'Mukungwe', 'Masaka', 'MTN', '2013-12-04 17:18:41', '0000-00-00 00:00:00', 1),
(380, 51, 2, 774127906, 'mulimisa', ' kivumbi j', 'M', 'Mukungwe', 'Masaka', 'MTN', '2013-12-04 17:18:41', '0000-00-00 00:00:00', 1),
(381, 51, 2, 702173221, 'mulimisa', ' Namyalo Madinah', 'F', 'Mukungwe', 'Masaka', 'MTN', '2013-12-04 17:18:41', '0000-00-00 00:00:00', 1),
(382, 51, 2, 772061270, 'mulimisa', ' Sam Muwawu', 'M', 'Mukungwe', 'Masaka', 'MTN', '2013-12-04 17:18:41', '0000-00-00 00:00:00', 1),
(383, 51, 2, 772648621, 'mulimisa', ' saul', 'M', 'Mukungwe', 'Masaka', 'MTN', '2013-12-04 17:18:41', '0000-00-00 00:00:00', 1),
(384, 51, 2, 789756354, 'mulimisa', ' nakasozi', 'F', 'Mukungwe', 'Masaka', 'MTN', '2013-12-04 17:18:41', '0000-00-00 00:00:00', 1),
(385, 51, 2, 776028475, 'mulimisa', ' nannozi jane france', 'F', 'Mukungwe', 'Masaka', 'MTN', '2013-12-04 17:18:41', '0000-00-00 00:00:00', 1),
(386, 51, 2, 703743944, 'mulimisa', ' SSEMANDA FATUMA', 'F', 'Mukungwe', 'Masaka', 'MTN', '2013-12-04 17:18:41', '0000-00-00 00:00:00', 1),
(387, 51, 2, 785639123, 'mulimisa', ' lubyayi moses', 'M', 'Mukungwe', 'Masaka', 'MTN', '2013-12-04 17:18:41', '0000-00-00 00:00:00', 1),
(388, 51, 2, 758000791, 'mulimisa', ' Luyinda Ken', 'M', 'Mukungwe', 'Masaka', 'MTN', '2013-12-04 17:18:41', '0000-00-00 00:00:00', 1),
(389, 51, 2, 752814151, 'mulimisa', ' mulinda ruth', 'F', 'Mukungwe', 'Masaka', 'MTN', '2013-12-04 17:18:41', '0000-00-00 00:00:00', 1),
(390, 51, 2, 782239837, 'mulimisa', ' joyce ssekyene', 'F', 'Mukungwe', 'Masaka', 'MTN', '2013-12-04 17:18:41', '0000-00-00 00:00:00', 1),
(391, 51, 2, 777099138, 'mulimisa', ' Nalongo Velo', 'F', 'Mukungwe', 'Masaka', 'MTN', '2013-12-04 17:18:41', '0000-00-00 00:00:00', 1),
(392, 51, 2, 775785240, 'mulimisa', ' Kanyana Gaturide ', 'F', 'Mukungwe', 'Masaka', 'MTN', '2013-12-04 17:18:41', '0000-00-00 00:00:00', 1),
(393, 51, 2, 784433224, 'mulimisa', 'Prossy Kibuka', 'F', 'Mukungwe', 'Masaka', 'MTN', '2013-12-04 17:18:41', '0000-00-00 00:00:00', 1),
(394, 51, 2, 772641123, 'mulimisa', ' JINGO FLORENCE', 'F', 'Mukungwe', 'Masaka', 'MTN', '2013-12-04 17:18:41', '0000-00-00 00:00:00', 1),
(395, 51, 2, 783694666, 'mulimisa', 'Ndagire Sissy ', 'F', 'Mukungwe', 'Masaka', 'MTN', '2013-12-04 17:18:41', '0000-00-00 00:00:00', 1),
(396, 51, 2, 776428546, 'mulimisa', ' Sissy Kisakye', 'F', 'Mukungwe', 'Masaka', 'MTN', '2013-12-04 17:18:41', '0000-00-00 00:00:00', 1),
(397, 51, 2, 774157581, 'mulimisa', ' nakyazze florence', 'F', 'Mukungwe', 'Masaka', 'MTN', '2013-12-04 17:18:41', '0000-00-00 00:00:00', 1),
(398, 51, 2, 757389712, 'mulimisa', ' nansamba helina', 'F', 'Mukungwe', 'Masaka', 'MTN', '2013-12-04 17:18:41', '0000-00-00 00:00:00', 1),
(399, 51, 2, 784095517, 'mulimisa', ' nakyonyi lamulatu', 'F', 'Mukungwe', 'Masaka', 'MTN', '2013-12-04 17:18:41', '0000-00-00 00:00:00', 1),
(400, 51, 2, 772652539, 'mulimisa', ' DENIS MUGUNGA', 'M', 'Mukungwe', 'Masaka', 'MTN', '2013-12-04 17:18:41', '0000-00-00 00:00:00', 1),
(401, 51, 2, 784753697, 'mulimisa', ' nakate hariete', 'F', 'Mukungwe', 'Masaka', 'MTN', '2013-12-04 17:18:41', '0000-00-00 00:00:00', 1),
(402, 51, 2, 702003417, 'mulimisa', ' Nabukenya Jane', 'F', 'Mukungwe', 'Masaka', 'MTN', '2013-12-04 17:18:41', '0000-00-00 00:00:00', 1),
(403, 51, 2, 757160421, 'mulimisa', ' NakazibweValeri ', 'F', 'Mukungwe', 'Masaka', 'MTN', '2013-12-04 17:18:41', '0000-00-00 00:00:00', 1),
(404, 51, 2, 784430863, 'mulimisa', ' JOSEPH SEMAKKULA', 'M', 'Mukungwe', 'Masaka', 'MTN', '2013-12-04 17:18:41', '0000-00-00 00:00:00', 1),
(405, 51, 2, 789605531, 'mulimisa', ' mulidwa regina', 'F', 'Mukungwe', 'Masaka', 'MTN', '2013-12-04 17:18:41', '0000-00-00 00:00:00', 1),
(406, 51, 2, 782637809, 'mulimisa', ' NAKALIKA RASHID', 'M', 'Mukungwe', 'Masaka', 'MTN', '2013-12-04 17:18:41', '0000-00-00 00:00:00', 1),
(407, 51, 2, 774600438, 'mulimisa', ' mukisa clement', 'M', 'Mukungwe', 'Masaka', 'MTN', '2013-12-04 17:18:41', '0000-00-00 00:00:00', 1),
(408, 51, 2, 772574996, 'mulimisa', ' SAMUEL KIZZA', 'M', 'Mukungwe', 'Masaka', 'MTN', '2013-12-04 17:18:41', '0000-00-00 00:00:00', 1),
(409, 51, 2, 788068996, 'mulimisa', ' NASUNA HARRIET', 'F', 'Mukungwe', 'Masaka', 'MTN', '2013-12-04 17:18:41', '0000-00-00 00:00:00', 1),
(410, 51, 2, 772536125, 'mulimisa', ' ssali josephine', 'F', 'Mukungwe', 'Masaka', 'MTN', '2013-12-04 17:18:41', '0000-00-00 00:00:00', 1),
(411, 51, 2, 773228150, 'mulimisa', ' NAKITTO AIDAH', 'F', 'Mukungwe', 'Masaka', 'MTN', '2013-12-04 17:18:41', '0000-00-00 00:00:00', 1),
(412, 51, 2, 702781531, 'mulimisa', ' Hajji Abdu Kasujja', 'M', 'Mukungwe', 'Masaka', 'MTN', '2013-12-04 17:18:41', '0000-00-00 00:00:00', 1),
(413, 51, 2, 701324212, 'mulimisa', ' matovu stephen', 'F', 'Mukungwe', 'Masaka', 'MTN', '2013-12-04 17:18:41', '0000-00-00 00:00:00', 1),
(414, 51, 2, 700661097, 'mulimisa', ' NAKIMBUGWE JANE', 'F', 'Mukungwe', 'Masaka', 'MTN', '2013-12-04 17:18:41', '0000-00-00 00:00:00', 1),
(415, 51, 2, 702781531, 'mulimisa', ' ABDU KASUJJA', 'M', 'Mukungwe', 'Masaka', 'MTN', '2013-12-04 17:18:41', '0000-00-00 00:00:00', 1),
(416, 51, 2, 773510763, 'mulimisa', ' Nanyonjo Teo', 'F', 'Mukungwe', 'Masaka', 'MTN', '2013-12-04 17:18:41', '0000-00-00 00:00:00', 1),
(417, 51, 2, 784229124, 'mulimisa', ' mugerwa regina', 'F', 'Mukungwe', 'Masaka', 'MTN', '2013-12-04 17:18:41', '0000-00-00 00:00:00', 1),
(418, 51, 2, 784423769, 'mulimisa', ' ssetuba maria', 'F', 'Mukungwe', 'Masaka', 'MTN', '2013-12-04 17:18:41', '0000-00-00 00:00:00', 1),
(419, 51, 2, 787510569, 'mulimisa', ' NAMIREMBE GORRET', 'F', 'Mukungwe', 'Masaka', 'MTN', '2013-12-04 17:18:41', '0000-00-00 00:00:00', 1),
(420, 51, 2, 752642333, 'mulimisa', ' WAMALA AHMED MUSTAFA', 'M', 'Mukungwe', 'Masaka', 'MTN', '2013-12-04 17:18:41', '0000-00-00 00:00:00', 1),
(421, 51, 2, 752812077, 'mulimisa', ' Galabuzi Abubaker', 'M', 'Mukungwe', 'Masaka', 'MTN', '2013-12-04 17:18:41', '0000-00-00 00:00:00', 1),
(422, 51, 2, 776507939, 'mulimisa', ' SSemmanda Edward', 'M', 'Mukungwe', 'Masaka', 'MTN', '2013-12-04 17:18:41', '0000-00-00 00:00:00', 1),
(423, 51, 2, 753826744, 'mulimisa', ' SSERUYANGE VICK', 'M', 'Mukungwe', 'Masaka', 'MTN', '2013-12-04 17:18:41', '0000-00-00 00:00:00', 1),
(424, 51, 2, 705547600, 'mulimisa', ' SSENYONDO', 'M', 'Mukungwe', 'Masaka', 'MTN', '2013-12-04 17:18:41', '0000-00-00 00:00:00', 1),
(425, 51, 2, 774572122, 'mulimisa', ' Samuel ', 'M', 'Mukungwe', 'Masaka', 'MTN', '2013-12-04 17:18:41', '0000-00-00 00:00:00', 1),
(426, 51, 2, 702019486, 'mulimisa', ' NULU KAYINDA', 'F', 'Mukungwe', 'Masaka', 'MTN', '2013-12-04 17:18:41', '0000-00-00 00:00:00', 1),
(427, 51, 2, 753033785, 'mulimisa', ' MUGERWA GOEGE', 'M', 'Mukungwe', 'Masaka', 'MTN', '2013-12-04 17:18:41', '0000-00-00 00:00:00', 1),
(428, 51, 2, 784822921, 'mulimisa', ' ANNET Lubwama ', 'F', 'Mukungwe', 'Masaka', 'MTN', '2013-12-04 17:18:41', '0000-00-00 00:00:00', 1),
(429, 51, 2, 775615447, 'mulimisa', ' NAGUJJA JANE ', 'F', 'Mukungwe', 'Masaka', 'MTN', '2013-12-04 17:18:41', '0000-00-00 00:00:00', 1),
(430, 51, 2, 756420243, 'mulimisa', ' BASIRIKA SCOVIA', 'F', 'Mukungwe', 'Masaka', 'MTN', '2013-12-04 17:18:41', '0000-00-00 00:00:00', 1),
(431, 51, 2, 783863486, 'mulimisa', ' KAKEMBO IVAN', 'M', 'Mukungwe', 'Masaka', 'MTN', '2013-12-04 17:18:41', '0000-00-00 00:00:00', 1),
(432, 51, 2, 772663309, 'mulimisa', 'Luvumu Eve ', 'F', 'Mukungwe', 'Masaka', 'MTN', '2013-12-04 17:18:41', '0000-00-00 00:00:00', 1),
(433, 51, 2, 750690760, 'mulimisa', ' FLORENCE MSK', 'F', 'Mukungwe', 'Masaka', 'MTN', '2013-12-04 17:18:41', '0000-00-00 00:00:00', 1),
(434, 51, 2, 752595307, 'mulimisa', ' namirembe', 'F', 'Mukungwe', 'Masaka', 'MTN', '2013-12-04 17:18:41', '0000-00-00 00:00:00', 1),
(435, 51, 2, 773544850, 'mulimisa', ' Nakibule Cisy', 'F', 'Mukungwe', 'Masaka', 'MTN', '2013-12-04 17:18:41', '0000-00-00 00:00:00', 1),
(436, 51, 2, 791619990, 'mulimisa', ' nabatega immaculate', 'F', 'Mukungwe', 'Masaka', 'MTN', '2013-12-04 17:18:41', '0000-00-00 00:00:00', 1),
(437, 51, 2, 757014001, 'mulimisa', ' NANYANZI GORRETE', 'F', 'Mukungwe', 'Masaka', 'MTN', '2013-12-04 17:18:41', '0000-00-00 00:00:00', 1),
(438, 51, 2, 774822169, 'mulimisa', 'Bilungi Stela', 'F', 'Mukungwe', 'Masaka', 'MTN', '2013-12-04 17:18:41', '0000-00-00 00:00:00', 1),
(439, 51, 2, 754617896, 'mulimisa', ' NAMUGENYI NORAH', 'F', 'Mukungwe', 'Masaka', 'MTN', '2013-12-04 17:18:41', '0000-00-00 00:00:00', 1),
(440, 51, 2, 775533165, 'mulimisa', ' Nakawooya Annet', 'F', 'Mukungwe', 'Masaka', 'MTN', '2013-12-04 17:18:41', '0000-00-00 00:00:00', 1),
(441, 51, 2, 755418621, 'mulimisa', ' Kiyengo Muhammad', 'M', 'Mukungwe', 'Masaka', 'MTN', '2013-12-04 17:18:41', '0000-00-00 00:00:00', 1),
(442, 51, 2, 704176940, 'mulimisa', ' MRS.MUTAMBUZE', 'F', 'Mukungwe', 'Masaka', 'MTN', '2013-12-04 17:18:41', '0000-00-00 00:00:00', 1),
(443, 51, 2, 772182054, 'mulimisa', ' KAWESI STEVEN', 'M', 'Mukungwe', 'Masaka', 'MTN', '2013-12-04 17:18:41', '0000-00-00 00:00:00', 1),
(444, 51, 2, 751748724, 'mulimisa', ' BATTE ABUBAKER', 'M', 'Mukungwe', 'Masaka', 'MTN', '2013-12-04 17:18:41', '0000-00-00 00:00:00', 1),
(445, 51, 2, 756632404, 'mulimisa', ' Nakimbugwe Hellen', 'F', 'Mukungwe', 'Masaka', 'MTN', '2013-12-04 17:18:41', '0000-00-00 00:00:00', 1),
(446, 51, 2, 787592736, 'mulimisa', ' nabiwemc prossy', 'F', 'Mukungwe', 'Masaka', 'MTN', '2013-12-04 17:18:41', '0000-00-00 00:00:00', 1),
(447, 51, 2, 774528322, 'mulimisa', ' NANSAMBU SPECEIOZA', 'F', 'Mukungwe', 'Masaka', 'MTN', '2013-12-04 17:18:41', '0000-00-00 00:00:00', 1),
(448, 51, 2, 757833598, 'mulimisa', ' Namagembe ruth', 'F', 'Mukungwe', 'Masaka', 'MTN', '2013-12-04 17:18:41', '0000-00-00 00:00:00', 1),
(449, 51, 2, 752213965, 'mulimisa', ' Luyinda Charles ', 'M', 'Mukungwe', 'Masaka', 'MTN', '2013-12-04 17:18:41', '0000-00-00 00:00:00', 1),
(450, 51, 2, 701027137, 'mulimisa', 'Mubiru Vicent ', 'M', 'Mukungwe', 'Masaka', 'MTN', '2013-12-04 17:18:41', '0000-00-00 00:00:00', 1),
(451, 51, 2, 751831109, 'mulimisa', ' Mwanje Vicent ', 'M', 'Mukungwe', 'Masaka', 'MTN', '2013-12-04 17:18:41', '0000-00-00 00:00:00', 1),
(452, 51, 2, 779223460, 'mulimisa', ' Lukubuya Jonathan', 'M', 'Mukungwe', 'Masaka', 'MTN', '2013-12-04 17:18:41', '0000-00-00 00:00:00', 1),
(453, 51, 2, 753268070, 'mulimisa', ' NAMUBIRU MADINA ', 'F', 'Mukungwe', 'Masaka', 'MTN', '2013-12-04 17:18:41', '0000-00-00 00:00:00', 1),
(454, 51, 2, 759856472, 'mulimisa', ' KASASA YASIN ', 'M', 'Mukungwe', 'Masaka', 'MTN', '2013-12-04 17:18:41', '0000-00-00 00:00:00', 1),
(455, 51, 2, 759191898, 'mulimisa', ' Segirinya Yuda ', 'M', 'Mukungwe', 'Masaka', 'MTN', '2013-12-04 17:18:41', '0000-00-00 00:00:00', 1),
(456, 51, 2, 757400803, 'mulimisa', ' Nalubega Fortunate ', 'F', 'Mukungwe', 'Masaka', 'MTN', '2013-12-04 17:18:41', '0000-00-00 00:00:00', 1),
(457, 51, 2, 703192339, 'mulimisa', ' Semaganda Emma', 'M', 'Mukungwe', 'Masaka', 'MTN', '2013-12-04 17:18:41', '0000-00-00 00:00:00', 1),
(458, 51, 2, 783723258, 'mulimisa', ' Naluweke Milly ', 'F', 'Mukungwe', 'Masaka', 'MTN', '2013-12-04 17:18:41', '0000-00-00 00:00:00', 1),
(459, 51, 2, 703921578, 'mulimisa', ' KYEYUNE VICENT', 'M', 'Mukungwe', 'Masaka', 'MTN', '2013-12-04 17:18:41', '0000-00-00 00:00:00', 1),
(460, 51, 2, 785495694, 'mulimisa', ' Elake Moses', 'M', 'Mukungwe', 'Masaka', 'MTN', '2013-12-04 17:18:41', '0000-00-00 00:00:00', 1),
(461, 51, 2, 701638571, 'mulimisa', ' KAWESI JAMILU', 'M', 'Mukungwe', 'Masaka', 'MTN', '2013-12-04 17:18:41', '0000-00-00 00:00:00', 1),
(462, 51, 2, 774425731, 'mulimisa', ' Lukyamuzi Muhammad', 'M', 'Mukungwe', 'Masaka', 'MTN', '2013-12-04 17:18:41', '0000-00-00 00:00:00', 1),
(463, 51, 2, 752871484, 'mulimisa', 'Kabusu Maurisiyo', 'F', 'Mukungwe', 'Masaka', 'MTN', '2013-12-04 17:18:41', '0000-00-00 00:00:00', 1),
(464, 51, 2, 753306683, 'mulimisa', ' Ssegirinya Paddy ', 'F', 'Mukungwe', 'Masaka', 'MTN', '2013-12-04 17:18:41', '0000-00-00 00:00:00', 1),
(465, 51, 2, 791276214, 'mulimisa', ' NABUKENYA JANE ', 'F', 'Mukungwe', 'Masaka', 'MTN', '2013-12-04 17:18:41', '0000-00-00 00:00:00', 1),
(466, 51, 2, 773662299, 'mulimisa', ' NAKANWA LEO', 'F', 'Mukungwe', 'Masaka', 'MTN', '2013-12-04 17:18:41', '0000-00-00 00:00:00', 1),
(467, 51, 2, 787592724, 'mulimisa', 'Nalumansi Mary ', 'F', 'Mukungwe', 'Masaka', 'MTN', '2013-12-04 17:18:41', '0000-00-00 00:00:00', 1),
(468, 51, 2, 784970600, 'mulimisa', 'Nakacwa Jane', 'F', 'Mukungwe', 'Masaka', 'MTN', '2013-12-04 17:18:41', '0000-00-00 00:00:00', 1),
(469, 51, 2, 701665464, 'mulimisa', ' Nampembe Mary Prossy  ', 'F', 'Mukungwe', 'Masaka', 'MTN', '2013-12-04 17:18:41', '0000-00-00 00:00:00', 1),
(470, 51, 2, 778136723, 'mulimisa', ' Nalukwago Lilian', 'F', 'Mukungwe', 'Masaka', 'MTN', '2013-12-04 17:18:41', '0000-00-00 00:00:00', 1),
(471, 51, 2, 782584247, 'mulimisa', ' Namuli Madina ', 'F', 'Mukungwe', 'Masaka', 'MTN', '2013-12-04 17:18:41', '0000-00-00 00:00:00', 1),
(472, 51, 2, 784910590, 'mulimisa', ' Sarah Kayondo', 'F', 'Mukungwe', 'Masaka', 'MTN', '2013-12-04 17:18:41', '0000-00-00 00:00:00', 1),
(473, 51, 2, 791230288, 'mulimisa', ' Nakkazi ', 'F', 'Mukungwe', 'Masaka', 'MTN', '2013-12-04 17:18:41', '0000-00-00 00:00:00', 1),
(474, 51, 2, 787464600, 'mulimisa', ' Nakalema Antonia', 'M', 'Mukungwe', 'Masaka', 'MTN', '2013-12-04 17:18:41', '0000-00-00 00:00:00', 1),
(475, 51, 2, 774287878, 'mulimisa', ' Hawa Kimera', 'M', 'Mukungwe', 'Masaka', 'MTN', '2013-12-04 17:18:41', '0000-00-00 00:00:00', 1),
(476, 51, 2, 785878686, 'mulimisa', ' Nalongo Lwembawo', 'F', 'Mukungwe', 'Masaka', 'MTN', '2013-12-04 17:18:41', '0000-00-00 00:00:00', 1),
(477, 51, 2, 714594131, 'mulimisa', ' Katumba Joseph ', 'M', 'Mukungwe', 'Masaka', 'MTN', '2013-12-04 17:18:41', '0000-00-00 00:00:00', 1),
(478, 51, 2, 754814544, 'mulimisa', ' Assumpta Kiggundu', 'M', 'Mukungwe', 'Masaka', 'MTN', '2013-12-04 17:18:41', '0000-00-00 00:00:00', 1),
(479, 51, 2, 753826744, 'mulimisa', ' Sseruyange Vick ', 'M', 'Mukungwe', 'Masaka', 'MTN', '2013-12-04 17:18:41', '0000-00-00 00:00:00', 1),
(480, 51, 2, 754814544, 'mulimisa', ' Assumpta Kiggundu ', 'M', 'mukungwe', 'Masaka', 'MTN', '2013-12-04 17:18:41', '0000-00-00 00:00:00', 1),
(481, 51, 2, 756905261, 'mulimisa', ' ISSA Semambo', 'M', 'mukungwe', 'Masaka', 'MTN', '2013-12-04 17:18:41', '0000-00-00 00:00:00', 1),
(482, 51, 2, 756923634, 'mulimisa', ' Mukasa Josephine', 'F', 'mukungwe', 'Masaka', 'MTN', '2013-12-04 17:18:41', '0000-00-00 00:00:00', 1),
(483, 51, 2, 752497778, 'mulimisa', ' Nalongo Lubuto ', 'F', 'mukungwe', 'Masaka', 'MTN', '2013-12-04 17:18:41', '0000-00-00 00:00:00', 1),
(484, 51, 2, 755962347, 'mulimisa', ' KIMERA GODFREY', 'M', 'mukungwe', 'Masaka', 'MTN', '2013-12-04 17:18:41', '0000-00-00 00:00:00', 1),
(485, 51, 2, 752492706, 'mulimisa', 'Mutebi ', 'M', 'mukungwe', 'Masaka', 'MTN', '2013-12-04 17:18:41', '0000-00-00 00:00:00', 1),
(486, 51, 2, 753826744, 'mulimisa', ' Sseruyange Uick', 'M', 'mukungwe', 'Masaka', 'MTN', '2013-12-04 17:18:41', '0000-00-00 00:00:00', 1),
(487, 51, 2, 782481091, 'mulimisa', ' SSEMATIMBA FRANCIS', 'M', 'mukungwe', 'Masaka', 'MTN', '2013-12-04 17:18:41', '0000-00-00 00:00:00', 1),
(488, 51, 2, 703703922, 'mulimisa', ' NAKAKEETO IMELDA', 'F', 'mukungwe', 'Masaka', 'MTN', '2013-12-04 17:18:41', '0000-00-00 00:00:00', 1),
(489, 51, 2, 782210881, 'mulimisa', ' nakandi edith', 'F', 'mukungwe', 'Masaka', 'MTN', '2013-12-04 17:18:41', '0000-00-00 00:00:00', 1),
(490, 51, 2, 773211329, 'mulimisa', ' sekalema hamida', 'F', 'mukungwe', 'Masaka', 'MTN', '2013-12-04 17:18:41', '0000-00-00 00:00:00', 1),
(491, 51, 2, 781939790, 'mulimisa', ' jidah kalemera', 'F', 'mukungwe', 'Masaka', 'MTN', '2013-12-04 17:18:41', '0000-00-00 00:00:00', 1),
(492, 51, 2, 777571533, 'mulimisa', ' molly mujuzi', 'F', 'mukungwe', 'Masaka', 'MTN', '2013-12-04 17:18:41', '0000-00-00 00:00:00', 1),
(493, 51, 2, 750408812, 'mulimisa', ' Nabunya Mariam', 'F', 'mukungwe', 'Masaka', 'MTN', '2013-12-04 17:18:41', '0000-00-00 00:00:00', 1),
(494, 51, 2, 787394919, 'mulimisa', ' NAKU SAFINA', 'F', 'mukungwe', 'Masaka', 'MTN', '2013-12-04 17:18:41', '0000-00-00 00:00:00', 1),
(495, 51, 2, 775735517, 'mulimisa', ' nabwami alice', 'F', 'mukungwe', 'Masaka', 'MTN', '2013-12-04 17:18:41', '0000-00-00 00:00:00', 1),
(496, 51, 2, 784753503, 'mulimisa', ' nakyeyune eve', 'F', 'mukungwe', 'Masaka', 'MTN', '2013-12-04 17:18:41', '0000-00-00 00:00:00', 1),
(497, 51, 2, 756527364, 'mulimisa', ' namata teddy', 'F', 'mukungwe', 'Masaka', 'MTN', '2013-12-04 17:18:41', '0000-00-00 00:00:00', 1),
(498, 51, 2, 754259051, 'mulimisa', ' semugenyi atanansio', 'F', 'mukungwe', 'Masaka', 'MTN', '2013-12-04 17:18:41', '0000-00-00 00:00:00', 1),
(499, 51, 2, 753553788, 'mulimisa', ' bbosa immaculate', 'F', 'mukungwe', 'Masaka', 'MTN', '2013-12-04 17:18:41', '0000-00-00 00:00:00', 1),
(500, 51, 2, 752437829, 'mulimisa', ' Najjinda Regina ', 'F', 'Mukungwe', 'Masaka', 'MTN', '2013-12-04 17:18:41', '0000-00-00 00:00:00', 1),
(501, 51, 2, 754078200, 'mulimisa', ' YIGA EDWARD ', 'M', 'mukungwe', 'Masaka', 'MTN', '2013-12-04 17:18:41', '0000-00-00 00:00:00', 1),
(502, 51, 2, 754228180, 'mulimisa', ' Lugemwa Geore Edward ', 'M', 'mukungwe', 'Masaka', 'MTN', '2013-12-04 17:18:41', '0000-00-00 00:00:00', 1),
(503, 51, 2, 773375050, 'mulimisa', ' NAMAGEMBE KIM', 'M', 'mukungwe', 'Masaka', 'MTN', '2013-12-04 17:18:41', '0000-00-00 00:00:00', 1),
(504, 51, 2, 784834401, 'mulimisa', ' LUGABIRA JOHN', 'M', 'mukungwe', 'Masaka', 'MTN', '2013-12-04 17:18:41', '0000-00-00 00:00:00', 1),
(505, 51, 2, 700175817, 'mulimisa', ' KYEYUNE ALOSIOUS', 'M', 'mukungwe', 'Masaka', 'MTN', '2013-12-04 17:18:41', '0000-00-00 00:00:00', 1),
(506, 51, 2, 704157101, 'mulimisa', ' KISEKA FRANCIS', 'M', 'mukungwe', 'Masaka', 'MTN', '2013-12-04 17:18:41', '0000-00-00 00:00:00', 1),
(507, 51, 2, 703191947, 'mulimisa', ' Kyeyune', 'M', 'mukungwe', 'Masaka', 'MTN', '2013-12-04 17:18:41', '0000-00-00 00:00:00', 1),
(508, 51, 2, 753007291, 'mulimisa', ' kimera ema', 'M', 'mukungwe', 'Masaka', 'MTN', '2013-12-04 17:18:41', '0000-00-00 00:00:00', 1),
(509, 51, 2, 779689853, 'mulimisa', ' NSUBUGA', 'M', 'mukungwe', 'Masaka', 'MTN', '2013-12-04 17:18:41', '0000-00-00 00:00:00', 1),
(510, 51, 2, 756335691, 'mulimisa', '  Ssendi Gerald  ', 'M', 'mukungwe', 'Masaka', 'MTN', '2013-12-04 17:18:41', '0000-00-00 00:00:00', 1),
(511, 51, 2, 752668623, 'mulimisa', ' PROSS YIGA ', 'F', 'mukungwe', 'Masaka', 'MTN', '2013-12-04 17:18:41', '0000-00-00 00:00:00', 1),
(512, 51, 2, 758418343, 'mulimisa', ' MUSAFIRI', 'M', 'mukungwe', 'Masaka', 'MTN', '2013-12-04 17:18:41', '0000-00-00 00:00:00', 1),
(513, 51, 2, 751941511, 'mulimisa', ' SSERUFUSA MUTAKA', 'M', 'Mukungwe', 'Masaka', 'MTN', '2013-12-04 17:18:41', '0000-00-00 00:00:00', 1),
(514, 51, 2, 702614241, 'mulimisa', 'Selina', 'F', 'Mukungwe', 'Masaka', 'MTN', '2013-12-04 17:18:41', '0000-00-00 00:00:00', 1),
(515, 51, 2, 705380007, 'mulimisa', 'Rosetta', 'F', 'Mukungwe', 'Masaka', 'MTN', '2013-12-04 17:18:41', '0000-00-00 00:00:00', 1),
(516, 51, 2, 701163614, 'mulimisa', 'Mutera Rehemi', 'F', 'mukungwe', 'Masaka', 'MTN', '2013-12-04 17:18:41', '0000-00-00 00:00:00', 1),
(517, 51, 2, 703601331, 'mulimisa', 'Sanyu Florence', 'F', 'mukungwe', 'Masaka', 'MTN', '2013-12-04 17:18:41', '0000-00-00 00:00:00', 1),
(518, 51, 2, 75397074, 'mulimisa', 'Kasolo Rajubu', 'M', 'mukungwe', 'Masaka', 'MTN', '2013-12-04 17:18:41', '0000-00-00 00:00:00', 1),
(519, 51, 2, 702006344, 'mulimisa', 'Pauline ', 'F', 'mukungwe', 'Masaka', 'MTN', '2013-12-04 17:18:41', '0000-00-00 00:00:00', 1),
(520, 51, 2, 78119633, 'mulimisa', 'Namutebi Eve', 'F', 'mukungwe', 'Masaka', 'MTN', '2013-12-04 17:18:41', '0000-00-00 00:00:00', 1),
(521, 51, 2, 751120040, 'mulimisa', 'Namubiru Rachael', 'F', 'mukungwe', 'Masaka', 'MTN', '2013-12-04 17:18:41', '0000-00-00 00:00:00', 1),
(522, 51, 2, 785904560, 'mulimisa', 'Nakoto Hope', 'F', 'mukungwe', 'Masaka', 'MTN', '2013-12-04 17:18:41', '0000-00-00 00:00:00', 1),
(523, 51, 2, 772707925, 'mulimisa', 'Nabulobi sarah', 'F', 'mukungwe', 'Masaka', 'MTN', '2013-12-04 17:18:41', '0000-00-00 00:00:00', 1),
(524, 51, 2, 784815481, 'mulimisa', 'Mutimu Lydia', 'F', 'mukungwe', 'Masaka', 'MTN', '2013-12-04 17:18:41', '0000-00-00 00:00:00', 1),
(525, 51, 2, 704771138, 'mulimisa', 'Nsanga Rehema', 'F', 'mukungwe', 'Masaka', 'MTN', '2013-12-04 17:18:41', '0000-00-00 00:00:00', 1),
(526, 51, 2, 703289630, 'mulimisa', 'Mugambe ', 'M', 'mukungwe', 'Masaka', 'MTN', '2013-12-04 17:18:41', '0000-00-00 00:00:00', 1),
(527, 51, 2, 752596490, 'mulimisa', 'Mubiru Micheal', 'M', 'mukungwe', 'Masaka', 'MTN', '2013-12-04 17:18:41', '0000-00-00 00:00:00', 1),
(528, 51, 2, 701123652, 'mulimisa', 'Mpiima Dan', 'M', 'mukungwe', 'Masaka', 'MTN', '2013-12-04 17:18:41', '0000-00-00 00:00:00', 1),
(529, 51, 2, 775904278, 'mulimisa', 'Nansamba Christine', 'F', 'BUKAKATTA', 'Masaka', 'MTN', '2013-12-04 17:18:41', '0000-00-00 00:00:00', 1),
(530, 51, 2, 786955145, 'mulimisa', 'Nakintu Allan', 'M', 'BUKAKATTA', 'Masaka', 'MTN', '2013-12-04 17:18:41', '0000-00-00 00:00:00', 1),
(531, 51, 2, 778323432, 'mulimisa', 'Kato ', 'M', 'BUKAKATTA', 'Masaka', 'MTN', '2013-12-04 17:18:41', '0000-00-00 00:00:00', 1),
(532, 51, 2, 782922762, 'mulimisa', 'Ssekajja Robert', 'M', 'BUKAKATTA', 'Masaka', 'MTN', '2013-12-04 17:18:41', '0000-00-00 00:00:00', 1),
(533, 51, 2, 784528126, 'mulimisa', 'Nassaka Justine', 'F', 'BUKAKATTA', 'Masaka', 'MTN', '2013-12-04 17:18:41', '0000-00-00 00:00:00', 1),
(534, 51, 2, 779406747, 'mulimisa', 'Kiwanuka Nasser', 'M', 'BUKAKATTA', 'Masaka', 'MTN', '2013-12-04 17:18:41', '0000-00-00 00:00:00', 1),
(535, 51, 2, 754487282, 'mulimisa', 'Kunihire Marion', 'F', 'BUKAKATTA', 'Masaka', 'MTN', '2013-12-04 17:18:41', '0000-00-00 00:00:00', 1),
(536, 51, 2, 774038141, 'mulimisa', 'Nambuusi Mary', 'F', 'BUKAKATTA', 'Masaka', 'MTN', '2013-12-04 17:18:41', '0000-00-00 00:00:00', 1),
(537, 51, 2, 784068542, 'mulimisa', 'Nakamya Josephine', 'F', 'BUKAKATTA', 'Masaka', 'MTN', '2013-12-04 17:18:41', '0000-00-00 00:00:00', 1),
(538, 51, 2, 782336124, 'mulimisa', 'Kiwanuka Fred', 'M', 'BUKAKATTA', 'Masaka', 'MTN', '2013-12-04 17:18:41', '0000-00-00 00:00:00', 1),
(539, 51, 2, 774736308, 'mulimisa', 'Ntamagi Edith', 'F', 'BUKAKATTA', 'Masaka', 'MTN', '2013-12-04 17:18:41', '0000-00-00 00:00:00', 1),
(540, 51, 2, 784073920, 'mulimisa', 'Busingye Erina', 'F', 'BUKAKATTA', 'Masaka', 'MTN', '2013-12-04 17:18:41', '0000-00-00 00:00:00', 1),
(541, 51, 2, 773468044, 'mulimisa', 'Namuguya Aisha', 'F', 'BUKAKATTA', 'Masaka', 'MTN', '2013-12-04 17:18:41', '0000-00-00 00:00:00', 1),
(542, 51, 2, 782686802, 'mulimisa', 'Mugga Franco', 'M', 'Mukungwe', 'Masaka', 'MTN', '2013-12-04 17:18:41', '0000-00-00 00:00:00', 1),
(543, 51, 2, 772988365, 'mulimisa', 'Baka Robert', 'M', 'Mukungwe', 'Masaka', 'MTN', '2013-12-04 17:18:41', '0000-00-00 00:00:00', 1),
(544, 51, 2, 777942, 'mulimisa', 'Nakuburwa Robin', 'M', 'Mukungwe', 'Masaka', 'MTN', '2013-12-04 17:18:41', '0000-00-00 00:00:00', 1),
(545, 51, 2, 783336552, 'mulimisa', 'Kyelanyi Ronald', 'M', 'Mukungwe', 'Masaka', 'MTN', '2013-12-04 17:18:41', '0000-00-00 00:00:00', 1),
(546, 51, 2, 778323432, 'mulimisa', 'Nakakande Eva', 'F', 'Mukungwe', 'Masaka', 'MTN', '2013-12-04 17:18:41', '0000-00-00 00:00:00', 1),
(547, 51, 2, 754304497, 'mulimisa', 'Kasule Simon', 'M', 'Mukungwe', 'Masaka', 'MTN', '2013-12-04 17:18:41', '0000-00-00 00:00:00', 1),
(548, 51, 2, 772442779, 'mulimisa', 'Nakazibwe Justine', 'F', 'Mukungwe', 'Masaka', 'MTN', '2013-12-04 17:18:41', '0000-00-00 00:00:00', 1),
(549, 51, 2, 756428210, 'mulimisa', 'Akampikaho Richard', 'M', 'Mukungwe', 'Masaka', 'MTN', '2013-12-04 17:18:41', '0000-00-00 00:00:00', 1),
(550, 51, 2, 705315726, 'mulimisa', 'Sserubiri Robinson', 'F', 'Mukungwe', 'Masaka', 'MTN', '2013-12-04 17:18:41', '0000-00-00 00:00:00', 1),
(551, 51, 2, 702660253, 'mulimisa', 'Kabaseke Agnes', 'F', 'Mukungwe', 'Masaka', 'MTN', '2013-12-04 17:18:41', '0000-00-00 00:00:00', 1),
(552, 51, 2, 779925063, 'mulimisa', 'Ssekitoleko Musoke', 'M', 'Mukungwe', 'Masaka', 'MTN', '2013-12-04 17:18:41', '0000-00-00 00:00:00', 1),
(553, 51, 2, 773269699, 'mulimisa', 'Nakibuuka Norah', 'F', 'Mukungwe', 'Masaka', 'MTN', '2013-12-04 17:18:41', '0000-00-00 00:00:00', 1),
(554, 51, 2, 782852936, 'mulimisa', 'Nakabonge Justine', 'F', 'Mukungwe', 'Masaka', 'MTN', '2013-12-04 17:18:41', '0000-00-00 00:00:00', 1),
(555, 51, 2, 702067011, 'mulimisa', 'Meeme Margret', 'F', 'Mukungwe', 'Masaka', 'MTN', '2013-12-04 17:18:41', '0000-00-00 00:00:00', 1),
(556, 51, 2, 752633594, 'mulimisa', 'Nankabirwa Fatuma', 'F', 'Mukungwe', 'Masaka', 'MTN', '2013-12-04 17:18:41', '0000-00-00 00:00:00', 1),
(557, 51, 2, 774843987, 'mulimisa', 'Ssembuusi Zac', 'M', 'Mukungwe', 'Masaka', 'MTN', '2013-12-04 17:18:41', '0000-00-00 00:00:00', 1),
(558, 51, 2, 784832001, 'mulimisa', 'Namugenyi Doreen', 'F', 'Mukungwe', 'Masaka', 'MTN', '2013-12-04 17:18:41', '0000-00-00 00:00:00', 1),
(559, 51, 2, 787812028, 'mulimisa', 'Mutabaazi Obedi', 'M', 'Mukungwe', 'Masaka', 'MTN', '2013-12-04 17:18:41', '0000-00-00 00:00:00', 1),
(560, 51, 2, 772538764, 'mulimisa', 'Mwanje Nelson', 'M', 'Mukungwe', 'Masaka', 'MTN', '2013-12-04 17:18:41', '0000-00-00 00:00:00', 1),
(561, 51, 2, 783626435, 'mulimisa', 'Hakiza Damasen', 'F', 'Mukungwe', 'Masaka', 'MTN', '2013-12-04 17:18:41', '0000-00-00 00:00:00', 1),
(562, 51, 2, 779796638, 'mulimisa', 'Nalwooga Mirembe', 'F', 'Mukungwe', 'Masaka', 'MTN', '2013-12-04 17:18:41', '0000-00-00 00:00:00', 1),
(563, 51, 2, 774437620, 'mulimisa', 'Kasujja Augustine', 'F', 'Mukungwe', 'Masaka', 'MTN', '2013-12-04 17:18:41', '0000-00-00 00:00:00', 1),
(564, 51, 2, 782753950, 'mulimisa', 'Walabyeki John', 'M', 'Mukungwe', 'Masaka', 'MTN', '2013-12-04 17:18:41', '0000-00-00 00:00:00', 1),
(565, 51, 2, 781521477, 'mulimisa', 'Mugisha Patrick', 'M', 'Mukungwe', 'Masaka', 'MTN', '2013-12-04 17:18:41', '0000-00-00 00:00:00', 1),
(566, 51, 2, 782963113, 'mulimisa', 'Ssekate Lawrence', 'M', 'Mukungwe', 'Masaka', 'MTN', '2013-12-04 17:18:41', '0000-00-00 00:00:00', 1),
(567, 51, 2, 777128787, 'mulimisa', 'Najjuuko Aidah', 'F', 'Mukungwe', 'Masaka', 'MTN', '2013-12-04 17:18:41', '0000-00-00 00:00:00', 1),
(568, 51, 2, 788081347, 'mulimisa', 'Tulyengana Simeo', 'M', 'Mukungwe', 'Masaka', 'MTN', '2013-12-04 17:18:41', '0000-00-00 00:00:00', 1),
(569, 51, 0, 702298062, 'mulimisa', 'Nalubowa Kamiati', 'M', 'Mukungwe', 'Masaka', 'Orange', '2013-12-04 17:18:41', '2014-04-17 21:46:31', 1),
(570, 51, 2, 772972113, 'mulimisa', 'Nassolo Mariam', 'F', 'Mukungwe', 'Masaka', 'MTN', '2013-12-04 17:18:41', '0000-00-00 00:00:00', 1),
(571, 51, 2, 787343284, 'mulimisa', 'Kishaba', 'M', 'Mukungwe', 'Masaka', 'MTN', '2013-12-04 17:18:41', '0000-00-00 00:00:00', 1),
(572, 51, 2, 782157717, 'mulimisa', 'Katongole ', 'M', 'Mukungwe', 'Masaka', 'MTN', '2013-12-04 17:18:41', '0000-00-00 00:00:00', 1),
(573, 51, 2, 702035054, 'mulimisa', '', '', '', '', 'MTN', '2013-12-04 17:18:41', '0000-00-00 00:00:00', 1);

-- --------------------------------------------------------

--
-- Table structure for table `mk_access_levels`
--

CREATE TABLE IF NOT EXISTS `mk_access_levels` (
  `access_lvl` tinyint(4) NOT NULL AUTO_INCREMENT,
  `access_name` varchar(50) NOT NULL DEFAULT '',
  PRIMARY KEY (`access_lvl`)
) ENGINE=MyISAM  DEFAULT CHARSET=latin1 AUTO_INCREMENT=4 ;

--
-- Dumping data for table `mk_access_levels`
--

INSERT INTO `mk_access_levels` (`access_lvl`, `access_name`) VALUES
(1, 'User'),
(2, 'Moderator'),
(3, 'Administrator');

-- --------------------------------------------------------

--
-- Table structure for table `mk_category`
--

CREATE TABLE IF NOT EXISTS `mk_category` (
  `cat_id` int(11) NOT NULL AUTO_INCREMENT,
  `user_id` int(11) NOT NULL,
  `date_submitted` datetime NOT NULL DEFAULT '0000-00-00 00:00:00',
  `date_modified` datetime NOT NULL DEFAULT '0000-00-00 00:00:00',
  `name` text NOT NULL,
  `description` text NOT NULL,
  `date_published` datetime NOT NULL DEFAULT '0000-00-00 00:00:00',
  PRIMARY KEY (`cat_id`)
) ENGINE=MyISAM  DEFAULT CHARSET=latin1 AUTO_INCREMENT=53 ;

--
-- Dumping data for table `mk_category`
--

INSERT INTO `mk_category` (`cat_id`, `user_id`, `date_submitted`, `date_modified`, `name`, `description`, `date_published`) VALUES
(52, 13, '2013-08-28 15:47:21', '0000-00-00 00:00:00', 'ODLN SACCO', 'More fun...', '0000-00-00 00:00:00'),
(51, 2, '2013-08-28 15:32:24', '0000-00-00 00:00:00', 'L3F FARMERS', 'Talkin about christ work inform of images. hope you enjoy.!', '0000-00-00 00:00:00'),
(48, 2, '2013-08-27 23:41:39', '0000-00-00 00:00:00', 'SLOW FOOD', 'Hey check out this..if u missed', '2013-09-03 15:25:45');

-- --------------------------------------------------------

--
-- Table structure for table `mk_users`
--

CREATE TABLE IF NOT EXISTS `mk_users` (
  `user_id` int(11) NOT NULL AUTO_INCREMENT,
  `username` varchar(255) NOT NULL DEFAULT '',
  `account_id` int(11) NOT NULL,
  `passwd` varchar(50) NOT NULL DEFAULT '',
  `name` varchar(100) NOT NULL DEFAULT '',
  `date_submitted` datetime NOT NULL DEFAULT '0000-00-00 00:00:00',
  `date_modified` datetime NOT NULL DEFAULT '0000-00-00 00:00:00',
  `about_author` mediumtext NOT NULL,
  `article_title` varchar(255) NOT NULL,
  `access_lvl` tinyint(4) NOT NULL DEFAULT '1',
  PRIMARY KEY (`user_id`),
  UNIQUE KEY `uniq_email` (`username`)
) ENGINE=MyISAM  DEFAULT CHARSET=latin1 AUTO_INCREMENT=15 ;

--
-- Dumping data for table `mk_users`
--

INSERT INTO `mk_users` (`user_id`, `username`, `account_id`, `passwd`, `name`, `date_submitted`, `date_modified`, `about_author`, `article_title`, `access_lvl`) VALUES
(1, 'admin@yoursite.com', 2, 'admin', 'IsaacAbok', '0000-00-00 00:00:00', '0000-00-00 00:00:00', 'Abok Isaac is Web Developer and support team at <a href="www.watsuptek.com">www.watsuptek.com</a> He enjoys creating functional websites and is particularly engrossed in all the tiny details mixed together to construct great user experiences. He always believe that every web user deserves the best!.\r\n', '', 2),
(2, 'iabok@cit.mak.ac.ug', 1, 'rossii', 'Admin', '0000-00-00 00:00:00', '0000-00-00 00:00:00', '', '', 3),
(3, 'noah.kange@yahoo.com', 6, 'rossii', 'Noah Kange', '0000-00-00 00:00:00', '0000-00-00 00:00:00', '', '', 3),
(4, '', 6, 'rossii', 'Brian', '0000-00-00 00:00:00', '0000-00-00 00:00:00', '', '', 3),
(5, 'naads', 2, '123456', 'naads', '0000-00-00 00:00:00', '0000-00-00 00:00:00', '', '', 3),
(6, 'abokisaac@gmail.com', 3, 'rossii', 'Brenda', '0000-00-00 00:00:00', '0000-00-00 00:00:00', 'I love you guys hope to see u soon', '', 3),
(7, 'pkaramagi@gmail.com', 8, 'rossii', 'Karamagi Philip', '0000-00-00 00:00:00', '0000-00-00 00:00:00', '', '', 2),
(10, 'bazoldschool@yahoo.com', 3, 'rossii', 'lloyd', '0000-00-00 00:00:00', '0000-00-00 00:00:00', '', '', 2),
(11, 'abokwa', 2, 'rossii', 'abok ', '0000-00-00 00:00:00', '0000-00-00 00:00:00', '', '', 2),
(12, 'aboklld', 4, 'rossii', 'Certificates Department', '0000-00-00 00:00:00', '0000-00-00 00:00:00', '', '', 1),
(13, 'kange.noah', 9, '123456', 'Kange L. Noah', '0000-00-00 00:00:00', '0000-00-00 00:00:00', '', '', 1),
(14, 'abok.isaac', 2, '123456', 'abok isaac', '0000-00-00 00:00:00', '0000-00-00 00:00:00', '', '', 2);

-- --------------------------------------------------------

--
-- Table structure for table `naads_category`
--

CREATE TABLE IF NOT EXISTS `naads_category` (
  `cat_id` int(11) NOT NULL AUTO_INCREMENT,
  `user_id` int(11) NOT NULL,
  `date_submitted` datetime NOT NULL DEFAULT '0000-00-00 00:00:00',
  `date_modified` datetime NOT NULL DEFAULT '0000-00-00 00:00:00',
  `name` text NOT NULL,
  `description` text NOT NULL,
  `date_published` datetime NOT NULL DEFAULT '0000-00-00 00:00:00',
  PRIMARY KEY (`cat_id`)
) ENGINE=MyISAM  DEFAULT CHARSET=latin1 AUTO_INCREMENT=56 ;

--
-- Dumping data for table `naads_category`
--

INSERT INTO `naads_category` (`cat_id`, `user_id`, `date_submitted`, `date_modified`, `name`, `description`, `date_published`) VALUES
(52, 13, '2013-08-28 15:47:21', '0000-00-00 00:00:00', 'Crop Production', 'More fun...', '0000-00-00 00:00:00'),
(51, 2, '2013-08-28 15:32:24', '0000-00-00 00:00:00', 'Live Stock', 'Talkin about christ work inform of images. hope you enjoy.!', '0000-00-00 00:00:00'),
(48, 2, '2013-08-27 23:41:39', '0000-00-00 00:00:00', 'Fisheries', 'Hey check out this..if u missed', '2013-09-03 15:25:45');

-- --------------------------------------------------------

--
-- Table structure for table `naads_records`
--

CREATE TABLE IF NOT EXISTS `naads_records` (
  `farmers_id` int(11) NOT NULL AUTO_INCREMENT,
  `cat_id` int(11) NOT NULL,
  `author_id` int(11) NOT NULL,
  `tel_no` int(25) NOT NULL,
  `keyword` varchar(25) NOT NULL,
  `names` varchar(30) NOT NULL,
  `sub` varchar(30) NOT NULL,
  `district` varchar(25) NOT NULL,
  `network` varchar(25) NOT NULL,
  `view_all` tinyint(1) NOT NULL DEFAULT '1',
  `date_submitted` datetime NOT NULL DEFAULT '0000-00-00 00:00:00',
  `date_modified` datetime NOT NULL DEFAULT '0000-00-00 00:00:00',
  PRIMARY KEY (`farmers_id`)
) ENGINE=MyISAM  DEFAULT CHARSET=latin1 AUTO_INCREMENT=50 ;

--
-- Dumping data for table `naads_records`
--

INSERT INTO `naads_records` (`farmers_id`, `cat_id`, `author_id`, `tel_no`, `keyword`, `names`, `sub`, `district`, `network`, `view_all`, `date_submitted`, `date_modified`) VALUES
(41, 52, 0, 704349529, 'Muhingisa', 'Tinkamanyire', 'Bitooma', 'Bushenyi', 'Warid', 1, '2013-10-08 01:21:01', '2013-11-07 09:30:52'),
(40, 52, 0, 701019513, 'Muhingisa', 'Barekye', 'Bitooma', 'Bushenyi', 'MTN', 1, '2013-10-08 01:21:01', '2013-12-01 15:37:47'),
(42, 51, 2, 772356565, 'NAADS ', 'Noah', 'Bitooma', 'Mbarara', 'MTN', 1, '2013-12-01 14:46:17', '0000-00-00 00:00:00'),
(48, 51, 2, 704205428, 'NAADS ', 'robert', 'Buguma', 'Kampala', 'MTN', 1, '2013-12-01 14:51:01', '0000-00-00 00:00:00'),
(47, 51, 2, 703242998, 'NAADS ', 'abok', 'Bitooma', 'Masindi', 'MTN', 1, '2013-12-01 14:51:01', '0000-00-00 00:00:00'),
(49, 48, 2, 701019513, 'NAADS ', 'Noah', 'Bitooma', 'Mbarara', 'MTN', 1, '2013-12-01 15:13:10', '0000-00-00 00:00:00');

/*!40101 SET CHARACTER_SET_CLIENT=@OLD_CHARACTER_SET_CLIENT */;
/*!40101 SET CHARACTER_SET_RESULTS=@OLD_CHARACTER_SET_RESULTS */;
/*!40101 SET COLLATION_CONNECTION=@OLD_COLLATION_CONNECTION */;
